"houseID","yearBuilt"
20001,1976.16104999947
20002,1976.16104999947
20003,1976.16104999947
20004,1976.16104999947
20005,1976.16104999947
20006,1976.16104999947
20007,1976.16104999947
20008,1976.16104999947
20009,1976.16104999947
20010,1976.16104999947
20011,1976.16104999947
20012,1976.16104999947
20013,1976.16104999947
20014,1976.16104999947
20015,1976.16104999947
20016,1976.16104999947
20017,1976.16104999947
20018,1976.16104999947
20019,1976.16104999947
20020,1976.16104999947
20021,1976.16104999947
20022,1976.16104999947
20023,1976.16104999947
20024,1976.16104999947
20025,1976.16104999947
20026,1976.16104999947
20027,1976.16104999947
20028,1976.16104999947
20029,1976.16104999947
20030,1976.16104999947
20031,1976.16104999947
20032,1976.16104999947
20033,1976.16104999947
20034,1976.16104999947
20035,1976.16104999947
20036,1976.16104999947
20037,1976.16104999947
20038,1976.16104999947
20039,1976.16104999947
20040,1976.16104999947
20041,1976.16104999947
20042,1976.16104999947
20043,1976.16104999947
20044,1976.16104999947
20045,1976.16104999947
20046,1976.16104999947
20047,1976.16104999947
20048,1976.16104999947
20049,1976.16104999947
20050,1976.16104999947
20051,1976.16104999947
20052,1976.16104999947
20053,1976.16104999947
20054,1976.16104999947
20055,1976.16104999947
20056,1976.16104999947
20057,1976.16104999947
20058,1976.16104999947
20059,1976.16104999947
20060,1976.16104999947
20061,1976.16104999947
20062,1976.16104999947
20063,1976.16104999947
20064,1976.16104999947
20065,1976.16104999947
20066,1976.16104999947
20067,1976.16104999947
20068,1976.16104999947
20069,1976.16104999947
20070,1976.16104999947
20071,1976.16104999947
20072,1976.16104999947
20073,1976.16104999947
20074,1976.16104999947
20075,1976.16104999947
20076,1976.16104999947
20077,1976.16104999947
20078,1976.16104999947
20079,1976.16104999947
20080,1976.16104999947
20081,1976.16104999947
20082,1976.16104999947
20083,1976.16104999947
20084,1976.16104999947
20085,1976.16104999947
20086,1976.16104999947
20087,1976.16104999947
20088,1976.16104999947
20089,1976.16104999947
20090,1976.16104999947
20091,1976.16104999947
20092,1976.16104999947
20093,1976.16104999947
20094,1976.16104999947
20095,1976.16104999947
20096,1976.16104999947
20097,1976.16104999947
20098,1976.16104999947
20099,1976.16104999947
20100,1976.16104999947
20101,1976.16104999947
20102,1976.16104999947
20103,1976.16104999947
20104,1976.16104999947
20105,1976.16104999947
20106,1976.16104999947
20107,1976.16104999947
20108,1976.16104999947
20109,1976.16104999947
20110,1976.16104999947
20111,1976.16104999947
20112,1976.16104999947
20113,1976.16104999947
20114,1976.16104999947
20115,1976.16104999947
20116,1976.16104999947
20117,1976.16104999947
20118,1976.16104999947
20119,1976.16104999947
20120,1976.16104999947
20121,1976.16104999947
20122,1976.16104999947
20123,1976.16104999947
20124,1976.16104999947
20125,1976.16104999947
20126,1976.16104999947
20127,1976.16104999947
20128,1976.16104999947
20129,1976.16104999947
20130,1976.16104999947
20131,1976.16104999947
20132,1976.16104999947
20133,1976.16104999947
20134,1976.16104999947
20135,1976.16104999947
20136,1976.16104999947
20137,1976.16104999947
20138,1976.16104999947
20139,1976.16104999947
20140,1976.16104999947
20141,1976.16104999947
20142,1976.16104999947
20143,1976.16104999947
20144,1976.16104999947
20145,1976.16104999947
20146,1976.16104999947
20147,1976.16104999947
20148,1976.16104999947
20149,1976.16104999947
20150,1976.16104999947
20151,1976.16104999947
20152,1976.16104999947
20153,1976.16104999947
20154,1976.16104999947
20155,1976.16104999947
20156,1976.16104999947
20157,1976.16104999947
20158,1976.16104999947
20159,1976.16104999947
20160,1976.16104999947
20161,1976.16104999947
20162,1976.16104999947
20163,1976.16104999947
20164,1976.16104999947
20165,1976.16104999947
20166,1976.16104999947
20167,1976.16104999947
20168,1976.16104999947
20169,1976.16104999947
20170,1976.16104999947
20171,1976.16104999947
20172,1976.16104999947
20173,1976.16104999947
20174,1976.16104999947
20175,1976.16104999947
20176,1976.16104999947
20177,1976.16104999947
20178,1976.16104999947
20179,1976.16104999947
20180,1976.16104999947
20181,1976.16104999947
20182,1976.16104999947
20183,1976.16104999947
20184,1976.16104999947
20185,1976.16104999947
20186,1976.16104999947
20187,1976.16104999947
20188,1976.16104999947
20189,1976.16104999947
20190,1976.16104999947
20191,1976.16104999947
20192,1976.16104999947
20193,1976.16104999947
20194,1976.16104999947
20195,1976.16104999947
20196,1976.16104999947
20197,1976.16104999947
20198,1976.16104999947
20199,1976.16104999947
20200,1976.16104999947
20201,1976.16104999947
20202,1976.16104999947
20203,1976.16104999947
20204,1976.16104999947
20205,1976.16104999947
20206,1976.16104999947
20207,1976.16104999947
20208,1976.16104999947
20209,1976.16104999947
20210,1976.16104999947
20211,1976.16104999947
20212,1976.16104999947
20213,1976.16104999947
20214,1976.16104999947
20215,1976.16104999947
20216,1976.16104999947
20217,1976.16104999947
20218,1976.16104999947
20219,1976.16104999947
20220,1976.16104999947
20221,1976.16104999947
20222,1976.16104999947
20223,1976.16104999947
20224,1976.16104999947
20225,1976.16104999947
20226,1976.16104999947
20227,1976.16104999947
20228,1976.16104999947
20229,1976.16104999947
20230,1976.16104999947
20231,1976.16104999947
20232,1976.16104999947
20233,1976.16104999947
20234,1976.16104999947
20235,1976.16104999947
20236,1976.16104999947
20237,1976.16104999947
20238,1976.16104999947
20239,1976.16104999947
20240,1976.16104999947
20241,1976.16104999947
20242,1976.16104999947
20243,1976.16104999947
20244,1976.16104999947
20245,1976.16104999947
20246,1976.16104999947
20247,1976.16104999947
20248,1976.16104999947
20249,1976.16104999947
20250,1976.16104999947
20251,1976.16104999947
20252,1976.16104999947
20253,1976.16104999947
20254,1976.16104999947
20255,1976.16104999947
20256,1976.16104999947
20257,1976.16104999947
20258,1976.16104999947
20259,1976.16104999947
20260,1976.16104999947
20261,1976.16104999947
20262,1976.16104999947
20263,1976.16104999947
20264,1976.16104999947
20265,1976.16104999947
20266,1976.16104999947
20267,1976.16104999947
20268,1976.16104999947
20269,1976.16104999947
20270,1976.16104999947
20271,1976.16104999947
20272,1976.16104999947
20273,1976.16104999947
20274,1976.16104999947
20275,1976.16104999947
20276,1976.16104999947
20277,1976.16104999947
20278,1976.16104999947
20279,1976.16104999947
20280,1976.16104999947
20281,1976.16104999947
20282,1976.16104999947
20283,1976.16104999947
20284,1976.16104999947
20285,1976.16104999947
20286,1976.16104999947
20287,1976.16104999947
20288,1976.16104999947
20289,1976.16104999947
20290,1976.16104999947
20291,1976.16104999947
20292,1976.16104999947
20293,1976.16104999947
20294,1976.16104999947
20295,1976.16104999947
20296,1976.16104999947
20297,1976.16104999947
20298,1976.16104999947
20299,1976.16104999947
20300,1976.16104999947
20301,1976.16104999947
20302,1976.16104999947
20303,1976.16104999947
20304,1976.16104999947
20305,1976.16104999947
20306,1976.16104999947
20307,1976.16104999947
20308,1976.16104999947
20309,1976.16104999947
20310,1976.16104999947
20311,1976.16104999947
20312,1976.16104999947
20313,1976.16104999947
20314,1976.16104999947
20315,1976.16104999947
20316,1976.16104999947
20317,1976.16104999947
20318,1976.16104999947
20319,1976.16104999947
20320,1976.16104999947
20321,1976.16104999947
20322,1976.16104999947
20323,1976.16104999947
20324,1976.16104999947
20325,1976.16104999947
20326,1976.16104999947
20327,1976.16104999947
20328,1976.16104999947
20329,1976.16104999947
20330,1976.16104999947
20331,1976.16104999947
20332,1976.16104999947
20333,1976.16104999947
20334,1976.16104999947
20335,1976.16104999947
20336,1976.16104999947
20337,1976.16104999947
20338,1976.16104999947
20339,1976.16104999947
20340,1976.16104999947
20341,1976.16104999947
20342,1976.16104999947
20343,1976.16104999947
20344,1976.16104999947
20345,1976.16104999947
20346,1976.16104999947
20347,1976.16104999947
20348,1976.16104999947
20349,1976.16104999947
20350,1976.16104999947
20351,1976.16104999947
20352,1976.16104999947
20353,1976.16104999947
20354,1976.16104999947
20355,1976.16104999947
20356,1976.16104999947
20357,1976.16104999947
20358,1976.16104999947
20359,1976.16104999947
20360,1976.16104999947
20361,1976.16104999947
20362,1976.16104999947
20363,1976.16104999947
20364,1976.16104999947
20365,1976.16104999947
20366,1976.16104999947
20367,1976.16104999947
20368,1976.16104999947
20369,1976.16104999947
20370,1976.16104999947
20371,1976.16104999947
20372,1976.16104999947
20373,1976.16104999947
20374,1976.16104999947
20375,1976.16104999947
20376,1976.16104999947
20377,1976.16104999947
20378,1976.16104999947
20379,1976.16104999947
20380,1976.16104999947
20381,1976.16104999947
20382,1976.16104999947
20383,1976.16104999947
20384,1976.16104999947
20385,1976.16104999947
20386,1976.16104999947
20387,1976.16104999947
20388,1976.16104999947
20389,1976.16104999947
20390,1976.16104999947
20391,1976.16104999947
20392,1976.16104999947
20393,1976.16104999947
20394,1976.16104999947
20395,1976.16104999947
20396,1976.16104999947
20397,1976.16104999947
20398,1976.16104999947
20399,1976.16104999947
20400,1976.16104999947
20401,1976.16104999947
20402,1976.16104999947
20403,1976.16104999947
20404,1976.16104999947
20405,1976.16104999947
20406,1976.16104999947
20407,1976.16104999947
20408,1976.16104999947
20409,1976.16104999947
20410,1976.16104999947
20411,1976.16104999947
20412,1976.16104999947
20413,1976.16104999947
20414,1976.16104999947
20415,1976.16104999947
20416,1976.16104999947
20417,1976.16104999947
20418,1976.16104999947
20419,1976.16104999947
20420,1976.16104999947
20421,1976.16104999947
20422,1976.16104999947
20423,1976.16104999947
20424,1976.16104999947
20425,1976.16104999947
20426,1976.16104999947
20427,1976.16104999947
20428,1976.16104999947
20429,1976.16104999947
20430,1976.16104999947
20431,1976.16104999947
20432,1976.16104999947
20433,1976.16104999947
20434,1976.16104999947
20435,1976.16104999947
20436,1976.16104999947
20437,1976.16104999947
20438,1976.16104999947
20439,1976.16104999947
20440,1976.16104999947
20441,1976.16104999947
20442,1976.16104999947
20443,1976.16104999947
20444,1976.16104999947
20445,1976.16104999947
20446,1976.16104999947
20447,1976.16104999947
20448,1976.16104999947
20449,1976.16104999947
20450,1976.16104999947
20451,1976.16104999947
20452,1976.16104999947
20453,1976.16104999947
20454,1976.16104999947
20455,1976.16104999947
20456,1976.16104999947
20457,1976.16104999947
20458,1976.16104999947
20459,1976.16104999947
20460,1976.16104999947
20461,1976.16104999947
20462,1976.16104999947
20463,1976.16104999947
20464,1976.16104999947
20465,1976.16104999947
20466,1976.16104999947
20467,1976.16104999947
20468,1976.16104999947
20469,1976.16104999947
20470,1976.16104999947
20471,1976.16104999947
20472,1976.16104999947
20473,1976.16104999947
20474,1976.16104999947
20475,1976.16104999947
20476,1976.16104999947
20477,1976.16104999947
20478,1976.16104999947
20479,1976.16104999947
20480,1976.16104999947
20481,1976.16104999947
20482,1976.16104999947
20483,1976.16104999947
20484,1976.16104999947
20485,1976.16104999947
20486,1976.16104999947
20487,1976.16104999947
20488,1976.16104999947
20489,1976.16104999947
20490,1976.16104999947
20491,1976.16104999947
20492,1976.16104999947
20493,1976.16104999947
20494,1976.16104999947
20495,1976.16104999947
20496,1976.16104999947
20497,1976.16104999947
20498,1976.16104999947
20499,1976.16104999947
20500,1976.16104999947
20501,1976.16104999947
20502,1976.16104999947
20503,1976.16104999947
20504,1976.16104999947
20505,1976.16104999947
20506,1976.16104999947
20507,1976.16104999947
20508,1976.16104999947
20509,1976.16104999947
20510,1976.16104999947
20511,1976.16104999947
20512,1976.16104999947
20513,1976.16104999947
20514,1976.16104999947
20515,1976.16104999947
20516,1976.16104999947
20517,1976.16104999947
20518,1976.16104999947
20519,1976.16104999947
20520,1976.16104999947
20521,1976.16104999947
20522,1976.16104999947
20523,1976.16104999947
20524,1976.16104999947
20525,1976.16104999947
20526,1976.16104999947
20527,1976.16104999947
20528,1976.16104999947
20529,1976.16104999947
20530,1976.16104999947
20531,1976.16104999947
20532,1976.16104999947
20533,1976.16104999947
20534,1976.16104999947
20535,1976.16104999947
20536,1976.16104999947
20537,1976.16104999947
20538,1976.16104999947
20539,1976.16104999947
20540,1976.16104999947
20541,1976.16104999947
20542,1976.16104999947
20543,1976.16104999947
20544,1976.16104999947
20545,1976.16104999947
20546,1976.16104999947
20547,1976.16104999947
20548,1976.16104999947
20549,1976.16104999947
20550,1976.16104999947
20551,1976.16104999947
20552,1976.16104999947
20553,1976.16104999947
20554,1976.16104999947
20555,1976.16104999947
20556,1976.16104999947
20557,1976.16104999947
20558,1976.16104999947
20559,1976.16104999947
20560,1976.16104999947
20561,1976.16104999947
20562,1976.16104999947
20563,1976.16104999947
20564,1976.16104999947
20565,1976.16104999947
20566,1976.16104999947
20567,1976.16104999947
20568,1976.16104999947
20569,1976.16104999947
20570,1976.16104999947
20571,1976.16104999947
20572,1976.16104999947
20573,1976.16104999947
20574,1976.16104999947
20575,1976.16104999947
20576,1976.16104999947
20577,1976.16104999947
20578,1976.16104999947
20579,1976.16104999947
20580,1976.16104999947
20581,1976.16104999947
20582,1976.16104999947
20583,1976.16104999947
20584,1976.16104999947
20585,1976.16104999947
20586,1976.16104999947
20587,1976.16104999947
20588,1976.16104999947
20589,1976.16104999947
20590,1976.16104999947
20591,1976.16104999947
20592,1976.16104999947
20593,1976.16104999947
20594,1976.16104999947
20595,1976.16104999947
20596,1976.16104999947
20597,1976.16104999947
20598,1976.16104999947
20599,1976.16104999947
20600,1976.16104999947
20601,1976.16104999947
20602,1976.16104999947
20603,1976.16104999947
20604,1976.16104999947
20605,1976.16104999947
20606,1976.16104999947
20607,1976.16104999947
20608,1976.16104999947
20609,1976.16104999947
20610,1976.16104999947
20611,1976.16104999947
20612,1976.16104999947
20613,1976.16104999947
20614,1976.16104999947
20615,1976.16104999947
20616,1976.16104999947
20617,1976.16104999947
20618,1976.16104999947
20619,1976.16104999947
20620,1976.16104999947
20621,1976.16104999947
20622,1976.16104999947
20623,1976.16104999947
20624,1976.16104999947
20625,1976.16104999947
20626,1976.16104999947
20627,1976.16104999947
20628,1976.16104999947
20629,1976.16104999947
20630,1976.16104999947
20631,1976.16104999947
20632,1976.16104999947
20633,1976.16104999947
20634,1976.16104999947
20635,1976.16104999947
20636,1976.16104999947
20637,1976.16104999947
20638,1976.16104999947
20639,1976.16104999947
20640,1976.16104999947
20641,1976.16104999947
20642,1976.16104999947
20643,1976.16104999947
20644,1976.16104999947
20645,1976.16104999947
20646,1976.16104999947
20647,1976.16104999947
20648,1976.16104999947
20649,1976.16104999947
20650,1976.16104999947
20651,1976.16104999947
20652,1976.16104999947
20653,1976.16104999947
20654,1976.16104999947
20655,1976.16104999947
20656,1976.16104999947
20657,1976.16104999947
20658,1976.16104999947
20659,1976.16104999947
20660,1976.16104999947
20661,1976.16104999947
20662,1976.16104999947
20663,1976.16104999947
20664,1976.16104999947
20665,1976.16104999947
20666,1976.16104999947
20667,1976.16104999947
20668,1976.16104999947
20669,1976.16104999947
20670,1976.16104999947
20671,1976.16104999947
20672,1976.16104999947
20673,1976.16104999947
20674,1976.16104999947
20675,1976.16104999947
20676,1976.16104999947
20677,1976.16104999947
20678,1976.16104999947
20679,1976.16104999947
20680,1976.16104999947
20681,1976.16104999947
20682,1976.16104999947
20683,1976.16104999947
20684,1976.16104999947
20685,1976.16104999947
20686,1976.16104999947
20687,1976.16104999947
20688,1976.16104999947
20689,1976.16104999947
20690,1976.16104999947
20691,1976.16104999947
20692,1976.16104999947
20693,1976.16104999947
20694,1976.16104999947
20695,1976.16104999947
20696,1976.16104999947
20697,1976.16104999947
20698,1976.16104999947
20699,1976.16104999947
20700,1976.16104999947
20701,1976.16104999947
20702,1976.16104999947
20703,1976.16104999947
20704,1976.16104999947
20705,1976.16104999947
20706,1976.16104999947
20707,1976.16104999947
20708,1976.16104999947
20709,1976.16104999947
20710,1976.16104999947
20711,1976.16104999947
20712,1976.16104999947
20713,1976.16104999947
20714,1976.16104999947
20715,1976.16104999947
20716,1976.16104999947
20717,1976.16104999947
20718,1976.16104999947
20719,1976.16104999947
20720,1976.16104999947
20721,1976.16104999947
20722,1976.16104999947
20723,1976.16104999947
20724,1976.16104999947
20725,1976.16104999947
20726,1976.16104999947
20727,1976.16104999947
20728,1976.16104999947
20729,1976.16104999947
20730,1976.16104999947
20731,1976.16104999947
20732,1976.16104999947
20733,1976.16104999947
20734,1976.16104999947
20735,1976.16104999947
20736,1976.16104999947
20737,1976.16104999947
20738,1976.16104999947
20739,1976.16104999947
20740,1976.16104999947
20741,1976.16104999947
20742,1976.16104999947
20743,1976.16104999947
20744,1976.16104999947
20745,1976.16104999947
20746,1976.16104999947
20747,1976.16104999947
20748,1976.16104999947
20749,1976.16104999947
20750,1976.16104999947
20751,1976.16104999947
20752,1976.16104999947
20753,1976.16104999947
20754,1976.16104999947
20755,1976.16104999947
20756,1976.16104999947
20757,1976.16104999947
20758,1976.16104999947
20759,1976.16104999947
20760,1976.16104999947
20761,1976.16104999947
20762,1976.16104999947
20763,1976.16104999947
20764,1976.16104999947
20765,1976.16104999947
20766,1976.16104999947
20767,1976.16104999947
20768,1976.16104999947
20769,1976.16104999947
20770,1976.16104999947
20771,1976.16104999947
20772,1976.16104999947
20773,1976.16104999947
20774,1976.16104999947
20775,1976.16104999947
20776,1976.16104999947
20777,1976.16104999947
20778,1976.16104999947
20779,1976.16104999947
20780,1976.16104999947
20781,1976.16104999947
20782,1976.16104999947
20783,1976.16104999947
20784,1976.16104999947
20785,1976.16104999947
20786,1976.16104999947
20787,1976.16104999947
20788,1976.16104999947
20789,1976.16104999947
20790,1976.16104999947
20791,1976.16104999947
20792,1976.16104999947
20793,1976.16104999947
20794,1976.16104999947
20795,1976.16104999947
20796,1976.16104999947
20797,1976.16104999947
20798,1976.16104999947
20799,1976.16104999947
20800,1976.16104999947
20801,1976.16104999947
20802,1976.16104999947
20803,1976.16104999947
20804,1976.16104999947
20805,1976.16104999947
20806,1976.16104999947
20807,1976.16104999947
20808,1976.16104999947
20809,1976.16104999947
20810,1976.16104999947
20811,1976.16104999947
20812,1976.16104999947
20813,1976.16104999947
20814,1976.16104999947
20815,1976.16104999947
20816,1976.16104999947
20817,1976.16104999947
20818,1976.16104999947
20819,1976.16104999947
20820,1976.16104999947
20821,1976.16104999947
20822,1976.16104999947
20823,1976.16104999947
20824,1976.16104999947
20825,1976.16104999947
20826,1976.16104999947
20827,1976.16104999947
20828,1976.16104999947
20829,1976.16104999947
20830,1976.16104999947
20831,1976.16104999947
20832,1976.16104999947
20833,1976.16104999947
20834,1976.16104999947
20835,1976.16104999947
20836,1976.16104999947
20837,1976.16104999947
20838,1976.16104999947
20839,1976.16104999947
20840,1976.16104999947
20841,1976.16104999947
20842,1976.16104999947
20843,1976.16104999947
20844,1976.16104999947
20845,1976.16104999947
20846,1976.16104999947
20847,1976.16104999947
20848,1976.16104999947
20849,1976.16104999947
20850,1976.16104999947
20851,1976.16104999947
20852,1976.16104999947
20853,1976.16104999947
20854,1976.16104999947
20855,1976.16104999947
20856,1976.16104999947
20857,1976.16104999947
20858,1976.16104999947
20859,1976.16104999947
20860,1976.16104999947
20861,1976.16104999947
20862,1976.16104999947
20863,1976.16104999947
20864,1976.16104999947
20865,1976.16104999947
20866,1976.16104999947
20867,1976.16104999947
20868,1976.16104999947
20869,1976.16104999947
20870,1976.16104999947
20871,1976.16104999947
20872,1976.16104999947
20873,1976.16104999947
20874,1976.16104999947
20875,1976.16104999947
20876,1976.16104999947
20877,1976.16104999947
20878,1976.16104999947
20879,1976.16104999947
20880,1976.16104999947
20881,1976.16104999947
20882,1976.16104999947
20883,1976.16104999947
20884,1976.16104999947
20885,1976.16104999947
20886,1976.16104999947
20887,1976.16104999947
20888,1976.16104999947
20889,1976.16104999947
20890,1976.16104999947
20891,1976.16104999947
20892,1976.16104999947
20893,1976.16104999947
20894,1976.16104999947
20895,1976.16104999947
20896,1976.16104999947
20897,1976.16104999947
20898,1976.16104999947
20899,1976.16104999947
20900,1976.16104999947
20901,1976.16104999947
20902,1976.16104999947
20903,1976.16104999947
20904,1976.16104999947
20905,1976.16104999947
20906,1976.16104999947
20907,1976.16104999947
20908,1976.16104999947
20909,1976.16104999947
20910,1976.16104999947
20911,1976.16104999947
20912,1976.16104999947
20913,1976.16104999947
20914,1976.16104999947
20915,1976.16104999947
20916,1976.16104999947
20917,1976.16104999947
20918,1976.16104999947
20919,1976.16104999947
20920,1976.16104999947
20921,1976.16104999947
20922,1976.16104999947
20923,1976.16104999947
20924,1976.16104999947
20925,1976.16104999947
20926,1976.16104999947
20927,1976.16104999947
20928,1976.16104999947
20929,1976.16104999947
20930,1976.16104999947
20931,1976.16104999947
20932,1976.16104999947
20933,1976.16104999947
20934,1976.16104999947
20935,1976.16104999947
20936,1976.16104999947
20937,1976.16104999947
20938,1976.16104999947
20939,1976.16104999947
20940,1976.16104999947
20941,1976.16104999947
20942,1976.16104999947
20943,1976.16104999947
20944,1976.16104999947
20945,1976.16104999947
20946,1976.16104999947
20947,1976.16104999947
20948,1976.16104999947
20949,1976.16104999947
20950,1976.16104999947
20951,1976.16104999947
20952,1976.16104999947
20953,1976.16104999947
20954,1976.16104999947
20955,1976.16104999947
20956,1976.16104999947
20957,1976.16104999947
20958,1976.16104999947
20959,1976.16104999947
20960,1976.16104999947
20961,1976.16104999947
20962,1976.16104999947
20963,1976.16104999947
20964,1976.16104999947
20965,1976.16104999947
20966,1976.16104999947
20967,1976.16104999947
20968,1976.16104999947
20969,1976.16104999947
20970,1976.16104999947
20971,1976.16104999947
20972,1976.16104999947
20973,1976.16104999947
20974,1976.16104999947
20975,1976.16104999947
20976,1976.16104999947
20977,1976.16104999947
20978,1976.16104999947
20979,1976.16104999947
20980,1976.16104999947
20981,1976.16104999947
20982,1976.16104999947
20983,1976.16104999947
20984,1976.16104999947
20985,1976.16104999947
20986,1976.16104999947
20987,1976.16104999947
20988,1976.16104999947
20989,1976.16104999947
20990,1976.16104999947
20991,1976.16104999947
20992,1976.16104999947
20993,1976.16104999947
20994,1976.16104999947
20995,1976.16104999947
20996,1976.16104999947
20997,1976.16104999947
20998,1976.16104999947
20999,1976.16104999947
21000,1976.16104999947
21001,1976.16104999947
21002,1976.16104999947
21003,1976.16104999947
21004,1976.16104999947
21005,1976.16104999947
21006,1976.16104999947
21007,1976.16104999947
21008,1976.16104999947
21009,1976.16104999947
21010,1976.16104999947
21011,1976.16104999947
21012,1976.16104999947
21013,1976.16104999947
21014,1976.16104999947
21015,1976.16104999947
21016,1976.16104999947
21017,1976.16104999947
21018,1976.16104999947
21019,1976.16104999947
21020,1976.16104999947
21021,1976.16104999947
21022,1976.16104999947
21023,1976.16104999947
21024,1976.16104999947
21025,1976.16104999947
21026,1976.16104999947
21027,1976.16104999947
21028,1976.16104999947
21029,1976.16104999947
21030,1976.16104999947
21031,1976.16104999947
21032,1976.16104999947
21033,1976.16104999947
21034,1976.16104999947
21035,1976.16104999947
21036,1976.16104999947
21037,1976.16104999947
21038,1976.16104999947
21039,1976.16104999947
21040,1976.16104999947
21041,1976.16104999947
21042,1976.16104999947
21043,1976.16104999947
21044,1976.16104999947
21045,1976.16104999947
21046,1976.16104999947
21047,1976.16104999947
21048,1976.16104999947
21049,1976.16104999947
21050,1976.16104999947
21051,1976.16104999947
21052,1976.16104999947
21053,1976.16104999947
21054,1976.16104999947
21055,1976.16104999947
21056,1976.16104999947
21057,1976.16104999947
21058,1976.16104999947
21059,1976.16104999947
21060,1976.16104999947
21061,1976.16104999947
21062,1976.16104999947
21063,1976.16104999947
21064,1976.16104999947
21065,1976.16104999947
21066,1976.16104999947
21067,1976.16104999947
21068,1976.16104999947
21069,1976.16104999947
21070,1976.16104999947
21071,1976.16104999947
21072,1976.16104999947
21073,1976.16104999947
21074,1976.16104999947
21075,1976.16104999947
21076,1976.16104999947
21077,1976.16104999947
21078,1976.16104999947
21079,1976.16104999947
21080,1976.16104999947
21081,1976.16104999947
21082,1976.16104999947
21083,1976.16104999947
21084,1976.16104999947
21085,1976.16104999947
21086,1976.16104999947
21087,1976.16104999947
21088,1976.16104999947
21089,1976.16104999947
21090,1976.16104999947
21091,1976.16104999947
21092,1976.16104999947
21093,1976.16104999947
21094,1976.16104999947
21095,1976.16104999947
21096,1976.16104999947
21097,1976.16104999947
21098,1976.16104999947
21099,1976.16104999947
21100,1976.16104999947
21101,1976.16104999947
21102,1976.16104999947
21103,1976.16104999947
21104,1976.16104999947
21105,1976.16104999947
21106,1976.16104999947
21107,1976.16104999947
21108,1976.16104999947
21109,1976.16104999947
21110,1976.16104999947
21111,1976.16104999947
21112,1976.16104999947
21113,1976.16104999947
21114,1976.16104999947
21115,1976.16104999947
21116,1976.16104999947
21117,1976.16104999947
21118,1976.16104999947
21119,1976.16104999947
21120,1976.16104999947
21121,1976.16104999947
21122,1976.16104999947
21123,1976.16104999947
21124,1976.16104999947
21125,1976.16104999947
21126,1976.16104999947
21127,1976.16104999947
21128,1976.16104999947
21129,1976.16104999947
21130,1976.16104999947
21131,1976.16104999947
21132,1976.16104999947
21133,1976.16104999947
21134,1976.16104999947
21135,1976.16104999947
21136,1976.16104999947
21137,1976.16104999947
21138,1976.16104999947
21139,1976.16104999947
21140,1976.16104999947
21141,1976.16104999947
21142,1976.16104999947
21143,1976.16104999947
21144,1976.16104999947
21145,1976.16104999947
21146,1976.16104999947
21147,1976.16104999947
21148,1976.16104999947
21149,1976.16104999947
21150,1976.16104999947
21151,1976.16104999947
21152,1976.16104999947
21153,1976.16104999947
21154,1976.16104999947
21155,1976.16104999947
21156,1976.16104999947
21157,1976.16104999947
21158,1976.16104999947
21159,1976.16104999947
21160,1976.16104999947
21161,1976.16104999947
21162,1976.16104999947
21163,1976.16104999947
21164,1976.16104999947
21165,1976.16104999947
21166,1976.16104999947
21167,1976.16104999947
21168,1976.16104999947
21169,1976.16104999947
21170,1976.16104999947
21171,1976.16104999947
21172,1976.16104999947
21173,1976.16104999947
21174,1976.16104999947
21175,1976.16104999947
21176,1976.16104999947
21177,1976.16104999947
21178,1976.16104999947
21179,1976.16104999947
21180,1976.16104999947
21181,1976.16104999947
21182,1976.16104999947
21183,1976.16104999947
21184,1976.16104999947
21185,1976.16104999947
21186,1976.16104999947
21187,1976.16104999947
21188,1976.16104999947
21189,1976.16104999947
21190,1976.16104999947
21191,1976.16104999947
21192,1976.16104999947
21193,1976.16104999947
21194,1976.16104999947
21195,1976.16104999947
21196,1976.16104999947
21197,1976.16104999947
21198,1976.16104999947
21199,1976.16104999947
21200,1976.16104999947
21201,1976.16104999947
21202,1976.16104999947
21203,1976.16104999947
21204,1976.16104999947
21205,1976.16104999947
21206,1976.16104999947
21207,1976.16104999947
21208,1976.16104999947
21209,1976.16104999947
21210,1976.16104999947
21211,1976.16104999947
21212,1976.16104999947
21213,1976.16104999947
21214,1976.16104999947
21215,1976.16104999947
21216,1976.16104999947
21217,1976.16104999947
21218,1976.16104999947
21219,1976.16104999947
21220,1976.16104999947
21221,1976.16104999947
21222,1976.16104999947
21223,1976.16104999947
21224,1976.16104999947
21225,1976.16104999947
21226,1976.16104999947
21227,1976.16104999947
21228,1976.16104999947
21229,1976.16104999947
21230,1976.16104999947
21231,1976.16104999947
21232,1976.16104999947
21233,1976.16104999947
21234,1976.16104999947
21235,1976.16104999947
21236,1976.16104999947
21237,1976.16104999947
21238,1976.16104999947
21239,1976.16104999947
21240,1976.16104999947
21241,1976.16104999947
21242,1976.16104999947
21243,1976.16104999947
21244,1976.16104999947
21245,1976.16104999947
21246,1976.16104999947
21247,1976.16104999947
21248,1976.16104999947
21249,1976.16104999947
21250,1976.16104999947
21251,1976.16104999947
21252,1976.16104999947
21253,1976.16104999947
21254,1976.16104999947
21255,1976.16104999947
21256,1976.16104999947
21257,1976.16104999947
21258,1976.16104999947
21259,1976.16104999947
21260,1976.16104999947
21261,1976.16104999947
21262,1976.16104999947
21263,1976.16104999947
21264,1976.16104999947
21265,1976.16104999947
21266,1976.16104999947
21267,1976.16104999947
21268,1976.16104999947
21269,1976.16104999947
21270,1976.16104999947
21271,1976.16104999947
21272,1976.16104999947
21273,1976.16104999947
21274,1976.16104999947
21275,1976.16104999947
21276,1976.16104999947
21277,1976.16104999947
21278,1976.16104999947
21279,1976.16104999947
21280,1976.16104999947
21281,1976.16104999947
21282,1976.16104999947
21283,1976.16104999947
21284,1976.16104999947
21285,1976.16104999947
21286,1976.16104999947
21287,1976.16104999947
21288,1976.16104999947
21289,1976.16104999947
21290,1976.16104999947
21291,1976.16104999947
21292,1976.16104999947
21293,1976.16104999947
21294,1976.16104999947
21295,1976.16104999947
21296,1976.16104999947
21297,1976.16104999947
21298,1976.16104999947
21299,1976.16104999947
21300,1976.16104999947
21301,1976.16104999947
21302,1976.16104999947
21303,1976.16104999947
21304,1976.16104999947
21305,1976.16104999947
21306,1976.16104999947
21307,1976.16104999947
21308,1976.16104999947
21309,1976.16104999947
21310,1976.16104999947
21311,1976.16104999947
21312,1976.16104999947
21313,1976.16104999947
21314,1976.16104999947
21315,1976.16104999947
21316,1976.16104999947
21317,1976.16104999947
21318,1976.16104999947
21319,1976.16104999947
21320,1976.16104999947
21321,1976.16104999947
21322,1976.16104999947
21323,1976.16104999947
21324,1976.16104999947
21325,1976.16104999947
21326,1976.16104999947
21327,1976.16104999947
21328,1976.16104999947
21329,1976.16104999947
21330,1976.16104999947
21331,1976.16104999947
21332,1976.16104999947
21333,1976.16104999947
21334,1976.16104999947
21335,1976.16104999947
21336,1976.16104999947
21337,1976.16104999947
21338,1976.16104999947
21339,1976.16104999947
21340,1976.16104999947
21341,1976.16104999947
21342,1976.16104999947
21343,1976.16104999947
21344,1976.16104999947
21345,1976.16104999947
21346,1976.16104999947
21347,1976.16104999947
21348,1976.16104999947
21349,1976.16104999947
21350,1976.16104999947
21351,1976.16104999947
21352,1976.16104999947
21353,1976.16104999947
21354,1976.16104999947
21355,1976.16104999947
21356,1976.16104999947
21357,1976.16104999947
21358,1976.16104999947
21359,1976.16104999947
21360,1976.16104999947
21361,1976.16104999947
21362,1976.16104999947
21363,1976.16104999947
21364,1976.16104999947
21365,1976.16104999947
21366,1976.16104999947
21367,1976.16104999947
21368,1976.16104999947
21369,1976.16104999947
21370,1976.16104999947
21371,1976.16104999947
21372,1976.16104999947
21373,1976.16104999947
21374,1976.16104999947
21375,1976.16104999947
21376,1976.16104999947
21377,1976.16104999947
21378,1976.16104999947
21379,1976.16104999947
21380,1976.16104999947
21381,1976.16104999947
21382,1976.16104999947
21383,1976.16104999947
21384,1976.16104999947
21385,1976.16104999947
21386,1976.16104999947
21387,1976.16104999947
21388,1976.16104999947
21389,1976.16104999947
21390,1976.16104999947
21391,1976.16104999947
21392,1976.16104999947
21393,1976.16104999947
21394,1976.16104999947
21395,1976.16104999947
21396,1976.16104999947
21397,1976.16104999947
21398,1976.16104999947
21399,1976.16104999947
21400,1976.16104999947
21401,1976.16104999947
21402,1976.16104999947
21403,1976.16104999947
21404,1976.16104999947
21405,1976.16104999947
21406,1976.16104999947
21407,1976.16104999947
21408,1976.16104999947
21409,1976.16104999947
21410,1976.16104999947
21411,1976.16104999947
21412,1976.16104999947
21413,1976.16104999947
21414,1976.16104999947
21415,1976.16104999947
21416,1976.16104999947
21417,1976.16104999947
21418,1976.16104999947
21419,1976.16104999947
21420,1976.16104999947
21421,1976.16104999947
21422,1976.16104999947
21423,1976.16104999947
21424,1976.16104999947
21425,1976.16104999947
21426,1976.16104999947
21427,1976.16104999947
21428,1976.16104999947
21429,1976.16104999947
21430,1976.16104999947
21431,1976.16104999947
21432,1976.16104999947
21433,1976.16104999947
21434,1976.16104999947
21435,1976.16104999947
21436,1976.16104999947
21437,1976.16104999947
21438,1976.16104999947
21439,1976.16104999947
21440,1976.16104999947
21441,1976.16104999947
21442,1976.16104999947
21443,1976.16104999947
21444,1976.16104999947
21445,1976.16104999947
21446,1976.16104999947
21447,1976.16104999947
21448,1976.16104999947
21449,1976.16104999947
21450,1976.16104999947
21451,1976.16104999947
21452,1976.16104999947
21453,1976.16104999947
21454,1976.16104999947
21455,1976.16104999947
21456,1976.16104999947
21457,1976.16104999947
21458,1976.16104999947
21459,1976.16104999947
21460,1976.16104999947
21461,1976.16104999947
21462,1976.16104999947
21463,1976.16104999947
21464,1976.16104999947
21465,1976.16104999947
21466,1976.16104999947
21467,1976.16104999947
21468,1976.16104999947
21469,1976.16104999947
21470,1976.16104999947
21471,1976.16104999947
21472,1976.16104999947
21473,1976.16104999947
21474,1976.16104999947
21475,1976.16104999947
21476,1976.16104999947
21477,1976.16104999947
21478,1976.16104999947
21479,1976.16104999947
21480,1976.16104999947
21481,1976.16104999947
21482,1976.16104999947
21483,1976.16104999947
21484,1976.16104999947
21485,1976.16104999947
21486,1976.16104999947
21487,1976.16104999947
21488,1976.16104999947
21489,1976.16104999947
21490,1976.16104999947
21491,1976.16104999947
21492,1976.16104999947
21493,1976.16104999947
21494,1976.16104999947
21495,1976.16104999947
21496,1976.16104999947
21497,1976.16104999947
21498,1976.16104999947
21499,1976.16104999947
21500,1976.16104999947
21501,1976.16104999947
21502,1976.16104999947
21503,1976.16104999947
21504,1976.16104999947
21505,1976.16104999947
21506,1976.16104999947
21507,1976.16104999947
21508,1976.16104999947
21509,1976.16104999947
21510,1976.16104999947
21511,1976.16104999947
21512,1976.16104999947
21513,1976.16104999947
21514,1976.16104999947
21515,1976.16104999947
21516,1976.16104999947
21517,1976.16104999947
21518,1976.16104999947
21519,1976.16104999947
21520,1976.16104999947
21521,1976.16104999947
21522,1976.16104999947
21523,1976.16104999947
21524,1976.16104999947
21525,1976.16104999947
21526,1976.16104999947
21527,1976.16104999947
21528,1976.16104999947
21529,1976.16104999947
21530,1976.16104999947
21531,1976.16104999947
21532,1976.16104999947
21533,1976.16104999947
21534,1976.16104999947
21535,1976.16104999947
21536,1976.16104999947
21537,1976.16104999947
21538,1976.16104999947
21539,1976.16104999947
21540,1976.16104999947
21541,1976.16104999947
21542,1976.16104999947
21543,1976.16104999947
21544,1976.16104999947
21545,1976.16104999947
21546,1976.16104999947
21547,1976.16104999947
21548,1976.16104999947
21549,1976.16104999947
21550,1976.16104999947
21551,1976.16104999947
21552,1976.16104999947
21553,1976.16104999947
21554,1976.16104999947
21555,1976.16104999947
21556,1976.16104999947
21557,1976.16104999947
21558,1976.16104999947
21559,1976.16104999947
21560,1976.16104999947
21561,1976.16104999947
21562,1976.16104999947
21563,1976.16104999947
21564,1976.16104999947
21565,1976.16104999947
21566,1976.16104999947
21567,1976.16104999947
21568,1976.16104999947
21569,1976.16104999947
21570,1976.16104999947
21571,1976.16104999947
21572,1976.16104999947
21573,1976.16104999947
21574,1976.16104999947
21575,1976.16104999947
21576,1976.16104999947
21577,1976.16104999947
21578,1976.16104999947
21579,1976.16104999947
21580,1976.16104999947
21581,1976.16104999947
21582,1976.16104999947
21583,1976.16104999947
21584,1976.16104999947
21585,1976.16104999947
21586,1976.16104999947
21587,1976.16104999947
21588,1976.16104999947
21589,1976.16104999947
21590,1976.16104999947
21591,1976.16104999947
21592,1976.16104999947
21593,1976.16104999947
21594,1976.16104999947
21595,1976.16104999947
21596,1976.16104999947
21597,1976.16104999947
21598,1976.16104999947
21599,1976.16104999947
21600,1976.16104999947
21601,1976.16104999947
21602,1976.16104999947
21603,1976.16104999947
21604,1976.16104999947
21605,1976.16104999947
21606,1976.16104999947
21607,1976.16104999947
21608,1976.16104999947
21609,1976.16104999947
21610,1976.16104999947
21611,1976.16104999947
21612,1976.16104999947
21613,1976.16104999947
21614,1976.16104999947
21615,1976.16104999947
21616,1976.16104999947
21617,1976.16104999947
21618,1976.16104999947
21619,1976.16104999947
21620,1976.16104999947
21621,1976.16104999947
21622,1976.16104999947
21623,1976.16104999947
21624,1976.16104999947
21625,1976.16104999947
21626,1976.16104999947
21627,1976.16104999947
21628,1976.16104999947
21629,1976.16104999947
21630,1976.16104999947
21631,1976.16104999947
21632,1976.16104999947
21633,1976.16104999947
21634,1976.16104999947
21635,1976.16104999947
21636,1976.16104999947
21637,1976.16104999947
21638,1976.16104999947
21639,1976.16104999947
21640,1976.16104999947
21641,1976.16104999947
21642,1976.16104999947
21643,1976.16104999947
21644,1976.16104999947
21645,1976.16104999947
21646,1976.16104999947
21647,1976.16104999947
21648,1976.16104999947
21649,1976.16104999947
21650,1976.16104999947
21651,1976.16104999947
21652,1976.16104999947
21653,1976.16104999947
21654,1976.16104999947
21655,1976.16104999947
21656,1976.16104999947
21657,1976.16104999947
21658,1976.16104999947
21659,1976.16104999947
21660,1976.16104999947
21661,1976.16104999947
21662,1976.16104999947
21663,1976.16104999947
21664,1976.16104999947
21665,1976.16104999947
21666,1976.16104999947
21667,1976.16104999947
21668,1976.16104999947
21669,1976.16104999947
21670,1976.16104999947
21671,1976.16104999947
21672,1976.16104999947
21673,1976.16104999947
21674,1976.16104999947
21675,1976.16104999947
21676,1976.16104999947
21677,1976.16104999947
21678,1976.16104999947
21679,1976.16104999947
21680,1976.16104999947
21681,1976.16104999947
21682,1976.16104999947
21683,1976.16104999947
21684,1976.16104999947
21685,1976.16104999947
21686,1976.16104999947
21687,1976.16104999947
21688,1976.16104999947
21689,1976.16104999947
21690,1976.16104999947
21691,1976.16104999947
21692,1976.16104999947
21693,1976.16104999947
21694,1976.16104999947
21695,1976.16104999947
21696,1976.16104999947
21697,1976.16104999947
21698,1976.16104999947
21699,1976.16104999947
21700,1976.16104999947
21701,1976.16104999947
21702,1976.16104999947
21703,1976.16104999947
21704,1976.16104999947
21705,1976.16104999947
21706,1976.16104999947
21707,1976.16104999947
21708,1976.16104999947
21709,1976.16104999947
21710,1976.16104999947
21711,1976.16104999947
21712,1976.16104999947
21713,1976.16104999947
21714,1976.16104999947
21715,1976.16104999947
21716,1976.16104999947
21717,1976.16104999947
21718,1976.16104999947
21719,1976.16104999947
21720,1976.16104999947
21721,1976.16104999947
21722,1976.16104999947
21723,1976.16104999947
21724,1976.16104999947
21725,1976.16104999947
21726,1976.16104999947
21727,1976.16104999947
21728,1976.16104999947
21729,1976.16104999947
21730,1976.16104999947
21731,1976.16104999947
21732,1976.16104999947
21733,1976.16104999947
21734,1976.16104999947
21735,1976.16104999947
21736,1976.16104999947
21737,1976.16104999947
21738,1976.16104999947
21739,1976.16104999947
21740,1976.16104999947
21741,1976.16104999947
21742,1976.16104999947
21743,1976.16104999947
21744,1976.16104999947
21745,1976.16104999947
21746,1976.16104999947
21747,1976.16104999947
21748,1976.16104999947
21749,1976.16104999947
21750,1976.16104999947
21751,1976.16104999947
21752,1976.16104999947
21753,1976.16104999947
21754,1976.16104999947
21755,1976.16104999947
21756,1976.16104999947
21757,1976.16104999947
21758,1976.16104999947
21759,1976.16104999947
21760,1976.16104999947
21761,1976.16104999947
21762,1976.16104999947
21763,1976.16104999947
21764,1976.16104999947
21765,1976.16104999947
21766,1976.16104999947
21767,1976.16104999947
21768,1976.16104999947
21769,1976.16104999947
21770,1976.16104999947
21771,1976.16104999947
21772,1976.16104999947
21773,1976.16104999947
21774,1976.16104999947
21775,1976.16104999947
21776,1976.16104999947
21777,1976.16104999947
21778,1976.16104999947
21779,1976.16104999947
21780,1976.16104999947
21781,1976.16104999947
21782,1976.16104999947
21783,1976.16104999947
21784,1976.16104999947
21785,1976.16104999947
21786,1976.16104999947
21787,1976.16104999947
21788,1976.16104999947
21789,1976.16104999947
21790,1976.16104999947
21791,1976.16104999947
21792,1976.16104999947
21793,1976.16104999947
21794,1976.16104999947
21795,1976.16104999947
21796,1976.16104999947
21797,1976.16104999947
21798,1976.16104999947
21799,1976.16104999947
21800,1976.16104999947
21801,1976.16104999947
21802,1976.16104999947
21803,1976.16104999947
21804,1976.16104999947
21805,1976.16104999947
21806,1976.16104999947
21807,1976.16104999947
21808,1976.16104999947
21809,1976.16104999947
21810,1976.16104999947
21811,1976.16104999947
21812,1976.16104999947
21813,1976.16104999947
21814,1976.16104999947
21815,1976.16104999947
21816,1976.16104999947
21817,1976.16104999947
21818,1976.16104999947
21819,1976.16104999947
21820,1976.16104999947
21821,1976.16104999947
21822,1976.16104999947
21823,1976.16104999947
21824,1976.16104999947
21825,1976.16104999947
21826,1976.16104999947
21827,1976.16104999947
21828,1976.16104999947
21829,1976.16104999947
21830,1976.16104999947
21831,1976.16104999947
21832,1976.16104999947
21833,1976.16104999947
21834,1976.16104999947
21835,1976.16104999947
21836,1976.16104999947
21837,1976.16104999947
21838,1976.16104999947
21839,1976.16104999947
21840,1976.16104999947
21841,1976.16104999947
21842,1976.16104999947
21843,1976.16104999947
21844,1976.16104999947
21845,1976.16104999947
21846,1976.16104999947
21847,1976.16104999947
21848,1976.16104999947
21849,1976.16104999947
21850,1976.16104999947
21851,1976.16104999947
21852,1976.16104999947
21853,1976.16104999947
21854,1976.16104999947
21855,1976.16104999947
21856,1976.16104999947
21857,1976.16104999947
21858,1976.16104999947
21859,1976.16104999947
21860,1976.16104999947
21861,1976.16104999947
21862,1976.16104999947
21863,1976.16104999947
21864,1976.16104999947
21865,1976.16104999947
21866,1976.16104999947
21867,1976.16104999947
21868,1976.16104999947
21869,1976.16104999947
21870,1976.16104999947
21871,1976.16104999947
21872,1976.16104999947
21873,1976.16104999947
21874,1976.16104999947
21875,1976.16104999947
21876,1976.16104999947
21877,1976.16104999947
21878,1976.16104999947
21879,1976.16104999947
21880,1976.16104999947
21881,1976.16104999947
21882,1976.16104999947
21883,1976.16104999947
21884,1976.16104999947
21885,1976.16104999947
21886,1976.16104999947
21887,1976.16104999947
21888,1976.16104999947
21889,1976.16104999947
21890,1976.16104999947
21891,1976.16104999947
21892,1976.16104999947
21893,1976.16104999947
21894,1976.16104999947
21895,1976.16104999947
21896,1976.16104999947
21897,1976.16104999947
21898,1976.16104999947
21899,1976.16104999947
21900,1976.16104999947
21901,1976.16104999947
21902,1976.16104999947
21903,1976.16104999947
21904,1976.16104999947
21905,1976.16104999947
21906,1976.16104999947
21907,1976.16104999947
21908,1976.16104999947
21909,1976.16104999947
21910,1976.16104999947
21911,1976.16104999947
21912,1976.16104999947
21913,1976.16104999947
21914,1976.16104999947
21915,1976.16104999947
21916,1976.16104999947
21917,1976.16104999947
21918,1976.16104999947
21919,1976.16104999947
21920,1976.16104999947
21921,1976.16104999947
21922,1976.16104999947
21923,1976.16104999947
21924,1976.16104999947
21925,1976.16104999947
21926,1976.16104999947
21927,1976.16104999947
21928,1976.16104999947
21929,1976.16104999947
21930,1976.16104999947
21931,1976.16104999947
21932,1976.16104999947
21933,1976.16104999947
21934,1976.16104999947
21935,1976.16104999947
21936,1976.16104999947
21937,1976.16104999947
21938,1976.16104999947
21939,1976.16104999947
21940,1976.16104999947
21941,1976.16104999947
21942,1976.16104999947
21943,1976.16104999947
21944,1976.16104999947
21945,1976.16104999947
21946,1976.16104999947
21947,1976.16104999947
21948,1976.16104999947
21949,1976.16104999947
21950,1976.16104999947
21951,1976.16104999947
21952,1976.16104999947
21953,1976.16104999947
21954,1976.16104999947
21955,1976.16104999947
21956,1976.16104999947
21957,1976.16104999947
21958,1976.16104999947
21959,1976.16104999947
21960,1976.16104999947
21961,1976.16104999947
21962,1976.16104999947
21963,1976.16104999947
21964,1976.16104999947
21965,1976.16104999947
21966,1976.16104999947
21967,1976.16104999947
21968,1976.16104999947
21969,1976.16104999947
21970,1976.16104999947
21971,1976.16104999947
21972,1976.16104999947
21973,1976.16104999947
21974,1976.16104999947
21975,1976.16104999947
21976,1976.16104999947
21977,1976.16104999947
21978,1976.16104999947
21979,1976.16104999947
21980,1976.16104999947
21981,1976.16104999947
21982,1976.16104999947
21983,1976.16104999947
21984,1976.16104999947
21985,1976.16104999947
21986,1976.16104999947
21987,1976.16104999947
21988,1976.16104999947
21989,1976.16104999947
21990,1976.16104999947
21991,1976.16104999947
21992,1976.16104999947
21993,1976.16104999947
21994,1976.16104999947
21995,1976.16104999947
21996,1976.16104999947
21997,1976.16104999947
21998,1976.16104999947
21999,1976.16104999947
22000,1976.16104999947
22001,1976.16104999947
22002,1976.16104999947
22003,1976.16104999947
22004,1976.16104999947
22005,1976.16104999947
22006,1976.16104999947
22007,1976.16104999947
22008,1976.16104999947
22009,1976.16104999947
22010,1976.16104999947
22011,1976.16104999947
22012,1976.16104999947
22013,1976.16104999947
22014,1976.16104999947
22015,1976.16104999947
22016,1976.16104999947
22017,1976.16104999947
22018,1976.16104999947
22019,1976.16104999947
22020,1976.16104999947
22021,1976.16104999947
22022,1976.16104999947
22023,1976.16104999947
22024,1976.16104999947
22025,1976.16104999947
22026,1976.16104999947
22027,1976.16104999947
22028,1976.16104999947
22029,1976.16104999947
22030,1976.16104999947
22031,1976.16104999947
22032,1976.16104999947
22033,1976.16104999947
22034,1976.16104999947
22035,1976.16104999947
22036,1976.16104999947
22037,1976.16104999947
22038,1976.16104999947
22039,1976.16104999947
22040,1976.16104999947
22041,1976.16104999947
22042,1976.16104999947
22043,1976.16104999947
22044,1976.16104999947
22045,1976.16104999947
22046,1976.16104999947
22047,1976.16104999947
22048,1976.16104999947
22049,1976.16104999947
22050,1976.16104999947
22051,1976.16104999947
22052,1976.16104999947
22053,1976.16104999947
22054,1976.16104999947
22055,1976.16104999947
22056,1976.16104999947
22057,1976.16104999947
22058,1976.16104999947
22059,1976.16104999947
22060,1976.16104999947
22061,1976.16104999947
22062,1976.16104999947
22063,1976.16104999947
22064,1976.16104999947
22065,1976.16104999947
22066,1976.16104999947
22067,1976.16104999947
22068,1976.16104999947
22069,1976.16104999947
22070,1976.16104999947
22071,1976.16104999947
22072,1976.16104999947
22073,1976.16104999947
22074,1976.16104999947
22075,1976.16104999947
22076,1976.16104999947
22077,1976.16104999947
22078,1976.16104999947
22079,1976.16104999947
22080,1976.16104999947
22081,1976.16104999947
22082,1976.16104999947
22083,1976.16104999947
22084,1976.16104999947
22085,1976.16104999947
22086,1976.16104999947
22087,1976.16104999947
22088,1976.16104999947
22089,1976.16104999947
22090,1976.16104999947
22091,1976.16104999947
22092,1976.16104999947
22093,1976.16104999947
22094,1976.16104999947
22095,1976.16104999947
22096,1976.16104999947
22097,1976.16104999947
22098,1976.16104999947
22099,1976.16104999947
22100,1976.16104999947
22101,1976.16104999947
22102,1976.16104999947
22103,1976.16104999947
22104,1976.16104999947
22105,1976.16104999947
22106,1976.16104999947
22107,1976.16104999947
22108,1976.16104999947
22109,1976.16104999947
22110,1976.16104999947
22111,1976.16104999947
22112,1976.16104999947
22113,1976.16104999947
22114,1976.16104999947
22115,1976.16104999947
22116,1976.16104999947
22117,1976.16104999947
22118,1976.16104999947
22119,1976.16104999947
22120,1976.16104999947
22121,1976.16104999947
22122,1976.16104999947
22123,1976.16104999947
22124,1976.16104999947
22125,1976.16104999947
22126,1976.16104999947
22127,1976.16104999947
22128,1976.16104999947
22129,1976.16104999947
22130,1976.16104999947
22131,1976.16104999947
22132,1976.16104999947
22133,1976.16104999947
22134,1976.16104999947
22135,1976.16104999947
22136,1976.16104999947
22137,1976.16104999947
22138,1976.16104999947
22139,1976.16104999947
22140,1976.16104999947
22141,1976.16104999947
22142,1976.16104999947
22143,1976.16104999947
22144,1976.16104999947
22145,1976.16104999947
22146,1976.16104999947
22147,1976.16104999947
22148,1976.16104999947
22149,1976.16104999947
22150,1976.16104999947
22151,1976.16104999947
22152,1976.16104999947
22153,1976.16104999947
22154,1976.16104999947
22155,1976.16104999947
22156,1976.16104999947
22157,1976.16104999947
22158,1976.16104999947
22159,1976.16104999947
22160,1976.16104999947
22161,1976.16104999947
22162,1976.16104999947
22163,1976.16104999947
22164,1976.16104999947
22165,1976.16104999947
22166,1976.16104999947
22167,1976.16104999947
22168,1976.16104999947
22169,1976.16104999947
22170,1976.16104999947
22171,1976.16104999947
22172,1976.16104999947
22173,1976.16104999947
22174,1976.16104999947
22175,1976.16104999947
22176,1976.16104999947
22177,1976.16104999947
22178,1976.16104999947
22179,1976.16104999947
22180,1976.16104999947
22181,1976.16104999947
22182,1976.16104999947
22183,1976.16104999947
22184,1976.16104999947
22185,1976.16104999947
22186,1976.16104999947
22187,1976.16104999947
22188,1976.16104999947
22189,1976.16104999947
22190,1976.16104999947
22191,1976.16104999947
22192,1976.16104999947
22193,1976.16104999947
22194,1976.16104999947
22195,1976.16104999947
22196,1976.16104999947
22197,1976.16104999947
22198,1976.16104999947
22199,1976.16104999947
22200,1976.16104999947
22201,1976.16104999947
22202,1976.16104999947
22203,1976.16104999947
22204,1976.16104999947
22205,1976.16104999947
22206,1976.16104999947
22207,1976.16104999947
22208,1976.16104999947
22209,1976.16104999947
22210,1976.16104999947
22211,1976.16104999947
22212,1976.16104999947
22213,1976.16104999947
22214,1976.16104999947
22215,1976.16104999947
22216,1976.16104999947
22217,1976.16104999947
22218,1976.16104999947
22219,1976.16104999947
22220,1976.16104999947
22221,1976.16104999947
22222,1976.16104999947
22223,1976.16104999947
22224,1976.16104999947
22225,1976.16104999947
22226,1976.16104999947
22227,1976.16104999947
22228,1976.16104999947
22229,1976.16104999947
22230,1976.16104999947
22231,1976.16104999947
22232,1976.16104999947
22233,1976.16104999947
22234,1976.16104999947
22235,1976.16104999947
22236,1976.16104999947
22237,1976.16104999947
22238,1976.16104999947
22239,1976.16104999947
22240,1976.16104999947
22241,1976.16104999947
22242,1976.16104999947
22243,1976.16104999947
22244,1976.16104999947
22245,1976.16104999947
22246,1976.16104999947
22247,1976.16104999947
22248,1976.16104999947
22249,1976.16104999947
22250,1976.16104999947
22251,1976.16104999947
22252,1976.16104999947
22253,1976.16104999947
22254,1976.16104999947
22255,1976.16104999947
22256,1976.16104999947
22257,1976.16104999947
22258,1976.16104999947
22259,1976.16104999947
22260,1976.16104999947
22261,1976.16104999947
22262,1976.16104999947
22263,1976.16104999947
22264,1976.16104999947
22265,1976.16104999947
22266,1976.16104999947
22267,1976.16104999947
22268,1976.16104999947
22269,1976.16104999947
22270,1976.16104999947
22271,1976.16104999947
22272,1976.16104999947
22273,1976.16104999947
22274,1976.16104999947
22275,1976.16104999947
22276,1976.16104999947
22277,1976.16104999947
22278,1976.16104999947
22279,1976.16104999947
22280,1976.16104999947
22281,1976.16104999947
22282,1976.16104999947
22283,1976.16104999947
22284,1976.16104999947
22285,1976.16104999947
22286,1976.16104999947
22287,1976.16104999947
22288,1976.16104999947
22289,1976.16104999947
22290,1976.16104999947
22291,1976.16104999947
22292,1976.16104999947
22293,1976.16104999947
22294,1976.16104999947
22295,1976.16104999947
22296,1976.16104999947
22297,1976.16104999947
22298,1976.16104999947
22299,1976.16104999947
22300,1976.16104999947
22301,1976.16104999947
22302,1976.16104999947
22303,1976.16104999947
22304,1976.16104999947
22305,1976.16104999947
22306,1976.16104999947
22307,1976.16104999947
22308,1976.16104999947
22309,1976.16104999947
22310,1976.16104999947
22311,1976.16104999947
22312,1976.16104999947
22313,1976.16104999947
22314,1976.16104999947
22315,1976.16104999947
22316,1976.16104999947
22317,1976.16104999947
22318,1976.16104999947
22319,1976.16104999947
22320,1976.16104999947
22321,1976.16104999947
22322,1976.16104999947
22323,1976.16104999947
22324,1976.16104999947
22325,1976.16104999947
22326,1976.16104999947
22327,1976.16104999947
22328,1976.16104999947
22329,1976.16104999947
22330,1976.16104999947
22331,1976.16104999947
22332,1976.16104999947
22333,1976.16104999947
22334,1976.16104999947
22335,1976.16104999947
22336,1976.16104999947
22337,1976.16104999947
22338,1976.16104999947
22339,1976.16104999947
22340,1976.16104999947
22341,1976.16104999947
22342,1976.16104999947
22343,1976.16104999947
22344,1976.16104999947
22345,1976.16104999947
22346,1976.16104999947
22347,1976.16104999947
22348,1976.16104999947
22349,1976.16104999947
22350,1976.16104999947
22351,1976.16104999947
22352,1976.16104999947
22353,1976.16104999947
22354,1976.16104999947
22355,1976.16104999947
22356,1976.16104999947
22357,1976.16104999947
22358,1976.16104999947
22359,1976.16104999947
22360,1976.16104999947
22361,1976.16104999947
22362,1976.16104999947
22363,1976.16104999947
22364,1976.16104999947
22365,1976.16104999947
22366,1976.16104999947
22367,1976.16104999947
22368,1976.16104999947
22369,1976.16104999947
22370,1976.16104999947
22371,1976.16104999947
22372,1976.16104999947
22373,1976.16104999947
22374,1976.16104999947
22375,1976.16104999947
22376,1976.16104999947
22377,1976.16104999947
22378,1976.16104999947
22379,1976.16104999947
22380,1976.16104999947
22381,1976.16104999947
22382,1976.16104999947
22383,1976.16104999947
22384,1976.16104999947
22385,1976.16104999947
22386,1976.16104999947
22387,1976.16104999947
22388,1976.16104999947
22389,1976.16104999947
22390,1976.16104999947
22391,1976.16104999947
22392,1976.16104999947
22393,1976.16104999947
22394,1976.16104999947
22395,1976.16104999947
22396,1976.16104999947
22397,1976.16104999947
22398,1976.16104999947
22399,1976.16104999947
22400,1976.16104999947
22401,1976.16104999947
22402,1976.16104999947
22403,1976.16104999947
22404,1976.16104999947
22405,1976.16104999947
22406,1976.16104999947
22407,1976.16104999947
22408,1976.16104999947
22409,1976.16104999947
22410,1976.16104999947
22411,1976.16104999947
22412,1976.16104999947
22413,1976.16104999947
22414,1976.16104999947
22415,1976.16104999947
22416,1976.16104999947
22417,1976.16104999947
22418,1976.16104999947
22419,1976.16104999947
22420,1976.16104999947
22421,1976.16104999947
22422,1976.16104999947
22423,1976.16104999947
22424,1976.16104999947
22425,1976.16104999947
22426,1976.16104999947
22427,1976.16104999947
22428,1976.16104999947
22429,1976.16104999947
22430,1976.16104999947
22431,1976.16104999947
22432,1976.16104999947
22433,1976.16104999947
22434,1976.16104999947
22435,1976.16104999947
22436,1976.16104999947
22437,1976.16104999947
22438,1976.16104999947
22439,1976.16104999947
22440,1976.16104999947
22441,1976.16104999947
22442,1976.16104999947
22443,1976.16104999947
22444,1976.16104999947
22445,1976.16104999947
22446,1976.16104999947
22447,1976.16104999947
22448,1976.16104999947
22449,1976.16104999947
22450,1976.16104999947
22451,1976.16104999947
22452,1976.16104999947
22453,1976.16104999947
22454,1976.16104999947
22455,1976.16104999947
22456,1976.16104999947
22457,1976.16104999947
22458,1976.16104999947
22459,1976.16104999947
22460,1976.16104999947
22461,1976.16104999947
22462,1976.16104999947
22463,1976.16104999947
22464,1976.16104999947
22465,1976.16104999947
22466,1976.16104999947
22467,1976.16104999947
22468,1976.16104999947
22469,1976.16104999947
22470,1976.16104999947
22471,1976.16104999947
22472,1976.16104999947
22473,1976.16104999947
22474,1976.16104999947
22475,1976.16104999947
22476,1976.16104999947
22477,1976.16104999947
22478,1976.16104999947
22479,1976.16104999947
22480,1976.16104999947
22481,1976.16104999947
22482,1976.16104999947
22483,1976.16104999947
22484,1976.16104999947
22485,1976.16104999947
22486,1976.16104999947
22487,1976.16104999947
22488,1976.16104999947
22489,1976.16104999947
22490,1976.16104999947
22491,1976.16104999947
22492,1976.16104999947
22493,1976.16104999947
22494,1976.16104999947
22495,1976.16104999947
22496,1976.16104999947
22497,1976.16104999947
22498,1976.16104999947
22499,1976.16104999947
22500,1976.16104999947
22501,1976.16104999947
22502,1976.16104999947
22503,1976.16104999947
22504,1976.16104999947
22505,1976.16104999947
22506,1976.16104999947
22507,1976.16104999947
22508,1976.16104999947
22509,1976.16104999947
22510,1976.16104999947
22511,1976.16104999947
22512,1976.16104999947
22513,1976.16104999947
22514,1976.16104999947
22515,1976.16104999947
22516,1976.16104999947
22517,1976.16104999947
22518,1976.16104999947
22519,1976.16104999947
22520,1976.16104999947
22521,1976.16104999947
22522,1976.16104999947
22523,1976.16104999947
22524,1976.16104999947
22525,1976.16104999947
22526,1976.16104999947
22527,1976.16104999947
22528,1976.16104999947
22529,1976.16104999947
22530,1976.16104999947
22531,1976.16104999947
22532,1976.16104999947
22533,1976.16104999947
22534,1976.16104999947
22535,1976.16104999947
22536,1976.16104999947
22537,1976.16104999947
22538,1976.16104999947
22539,1976.16104999947
22540,1976.16104999947
22541,1976.16104999947
22542,1976.16104999947
22543,1976.16104999947
22544,1976.16104999947
22545,1976.16104999947
22546,1976.16104999947
22547,1976.16104999947
22548,1976.16104999947
22549,1976.16104999947
22550,1976.16104999947
22551,1976.16104999947
22552,1976.16104999947
22553,1976.16104999947
22554,1976.16104999947
22555,1976.16104999947
22556,1976.16104999947
22557,1976.16104999947
22558,1976.16104999947
22559,1976.16104999947
22560,1976.16104999947
22561,1976.16104999947
22562,1976.16104999947
22563,1976.16104999947
22564,1976.16104999947
22565,1976.16104999947
22566,1976.16104999947
22567,1976.16104999947
22568,1976.16104999947
22569,1976.16104999947
22570,1976.16104999947
22571,1976.16104999947
22572,1976.16104999947
22573,1976.16104999947
22574,1976.16104999947
22575,1976.16104999947
22576,1976.16104999947
22577,1976.16104999947
22578,1976.16104999947
22579,1976.16104999947
22580,1976.16104999947
22581,1976.16104999947
22582,1976.16104999947
22583,1976.16104999947
22584,1976.16104999947
22585,1976.16104999947
22586,1976.16104999947
22587,1976.16104999947
22588,1976.16104999947
22589,1976.16104999947
22590,1976.16104999947
22591,1976.16104999947
22592,1976.16104999947
22593,1976.16104999947
22594,1976.16104999947
22595,1976.16104999947
22596,1976.16104999947
22597,1976.16104999947
22598,1976.16104999947
22599,1976.16104999947
22600,1976.16104999947
22601,1976.16104999947
22602,1976.16104999947
22603,1976.16104999947
22604,1976.16104999947
22605,1976.16104999947
22606,1976.16104999947
22607,1976.16104999947
22608,1976.16104999947
22609,1976.16104999947
22610,1976.16104999947
22611,1976.16104999947
22612,1976.16104999947
22613,1976.16104999947
22614,1976.16104999947
22615,1976.16104999947
22616,1976.16104999947
22617,1976.16104999947
22618,1976.16104999947
22619,1976.16104999947
22620,1976.16104999947
22621,1976.16104999947
22622,1976.16104999947
22623,1976.16104999947
22624,1976.16104999947
22625,1976.16104999947
22626,1976.16104999947
22627,1976.16104999947
22628,1976.16104999947
22629,1976.16104999947
22630,1976.16104999947
22631,1976.16104999947
22632,1976.16104999947
22633,1976.16104999947
22634,1976.16104999947
22635,1976.16104999947
22636,1976.16104999947
22637,1976.16104999947
22638,1976.16104999947
22639,1976.16104999947
22640,1976.16104999947
22641,1976.16104999947
22642,1976.16104999947
22643,1976.16104999947
22644,1976.16104999947
22645,1976.16104999947
22646,1976.16104999947
22647,1976.16104999947
22648,1976.16104999947
22649,1976.16104999947
22650,1976.16104999947
22651,1976.16104999947
22652,1976.16104999947
22653,1976.16104999947
22654,1976.16104999947
22655,1976.16104999947
22656,1976.16104999947
22657,1976.16104999947
22658,1976.16104999947
22659,1976.16104999947
22660,1976.16104999947
22661,1976.16104999947
22662,1976.16104999947
22663,1976.16104999947
22664,1976.16104999947
22665,1976.16104999947
22666,1976.16104999947
22667,1976.16104999947
22668,1976.16104999947
22669,1976.16104999947
22670,1976.16104999947
22671,1976.16104999947
22672,1976.16104999947
22673,1976.16104999947
22674,1976.16104999947
22675,1976.16104999947
22676,1976.16104999947
22677,1976.16104999947
22678,1976.16104999947
22679,1976.16104999947
22680,1976.16104999947
22681,1976.16104999947
22682,1976.16104999947
22683,1976.16104999947
22684,1976.16104999947
22685,1976.16104999947
22686,1976.16104999947
22687,1976.16104999947
22688,1976.16104999947
22689,1976.16104999947
22690,1976.16104999947
22691,1976.16104999947
22692,1976.16104999947
22693,1976.16104999947
22694,1976.16104999947
22695,1976.16104999947
22696,1976.16104999947
22697,1976.16104999947
22698,1976.16104999947
22699,1976.16104999947
22700,1976.16104999947
22701,1976.16104999947
22702,1976.16104999947
22703,1976.16104999947
22704,1976.16104999947
22705,1976.16104999947
22706,1976.16104999947
22707,1976.16104999947
22708,1976.16104999947
22709,1976.16104999947
22710,1976.16104999947
22711,1976.16104999947
22712,1976.16104999947
22713,1976.16104999947
22714,1976.16104999947
22715,1976.16104999947
22716,1976.16104999947
22717,1976.16104999947
22718,1976.16104999947
22719,1976.16104999947
22720,1976.16104999947
22721,1976.16104999947
22722,1976.16104999947
22723,1976.16104999947
22724,1976.16104999947
22725,1976.16104999947
22726,1976.16104999947
22727,1976.16104999947
22728,1976.16104999947
22729,1976.16104999947
22730,1976.16104999947
22731,1976.16104999947
22732,1976.16104999947
22733,1976.16104999947
22734,1976.16104999947
22735,1976.16104999947
22736,1976.16104999947
22737,1976.16104999947
22738,1976.16104999947
22739,1976.16104999947
22740,1976.16104999947
22741,1976.16104999947
22742,1976.16104999947
22743,1976.16104999947
22744,1976.16104999947
22745,1976.16104999947
22746,1976.16104999947
22747,1976.16104999947
22748,1976.16104999947
22749,1976.16104999947
22750,1976.16104999947
22751,1976.16104999947
22752,1976.16104999947
22753,1976.16104999947
22754,1976.16104999947
22755,1976.16104999947
22756,1976.16104999947
22757,1976.16104999947
22758,1976.16104999947
22759,1976.16104999947
22760,1976.16104999947
22761,1976.16104999947
22762,1976.16104999947
22763,1976.16104999947
22764,1976.16104999947
22765,1976.16104999947
22766,1976.16104999947
22767,1976.16104999947
22768,1976.16104999947
22769,1976.16104999947
22770,1976.16104999947
22771,1976.16104999947
22772,1976.16104999947
22773,1976.16104999947
22774,1976.16104999947
22775,1976.16104999947
22776,1976.16104999947
22777,1976.16104999947
22778,1976.16104999947
22779,1976.16104999947
22780,1976.16104999947
22781,1976.16104999947
22782,1976.16104999947
22783,1976.16104999947
22784,1976.16104999947
22785,1976.16104999947
22786,1976.16104999947
22787,1976.16104999947
22788,1976.16104999947
22789,1976.16104999947
22790,1976.16104999947
22791,1976.16104999947
22792,1976.16104999947
22793,1976.16104999947
22794,1976.16104999947
22795,1976.16104999947
22796,1976.16104999947
22797,1976.16104999947
22798,1976.16104999947
22799,1976.16104999947
22800,1976.16104999947
22801,1976.16104999947
22802,1976.16104999947
22803,1976.16104999947
22804,1976.16104999947
22805,1976.16104999947
22806,1976.16104999947
22807,1976.16104999947
22808,1976.16104999947
22809,1976.16104999947
22810,1976.16104999947
22811,1976.16104999947
22812,1976.16104999947
22813,1976.16104999947
22814,1976.16104999947
22815,1976.16104999947
22816,1976.16104999947
22817,1976.16104999947
22818,1976.16104999947
22819,1976.16104999947
22820,1976.16104999947
22821,1976.16104999947
22822,1976.16104999947
22823,1976.16104999947
22824,1976.16104999947
22825,1976.16104999947
22826,1976.16104999947
22827,1976.16104999947
22828,1976.16104999947
22829,1976.16104999947
22830,1976.16104999947
22831,1976.16104999947
22832,1976.16104999947
22833,1976.16104999947
22834,1976.16104999947
22835,1976.16104999947
22836,1976.16104999947
22837,1976.16104999947
22838,1976.16104999947
22839,1976.16104999947
22840,1976.16104999947
22841,1976.16104999947
22842,1976.16104999947
22843,1976.16104999947
22844,1976.16104999947
22845,1976.16104999947
22846,1976.16104999947
22847,1976.16104999947
22848,1976.16104999947
22849,1976.16104999947
22850,1976.16104999947
22851,1976.16104999947
22852,1976.16104999947
22853,1976.16104999947
22854,1976.16104999947
22855,1976.16104999947
22856,1976.16104999947
22857,1976.16104999947
22858,1976.16104999947
22859,1976.16104999947
22860,1976.16104999947
22861,1976.16104999947
22862,1976.16104999947
22863,1976.16104999947
22864,1976.16104999947
22865,1976.16104999947
22866,1976.16104999947
22867,1976.16104999947
22868,1976.16104999947
22869,1976.16104999947
22870,1976.16104999947
22871,1976.16104999947
22872,1976.16104999947
22873,1976.16104999947
22874,1976.16104999947
22875,1976.16104999947
22876,1976.16104999947
22877,1976.16104999947
22878,1976.16104999947
22879,1976.16104999947
22880,1976.16104999947
22881,1976.16104999947
22882,1976.16104999947
22883,1976.16104999947
22884,1976.16104999947
22885,1976.16104999947
22886,1976.16104999947
22887,1976.16104999947
22888,1976.16104999947
22889,1976.16104999947
22890,1976.16104999947
22891,1976.16104999947
22892,1976.16104999947
22893,1976.16104999947
22894,1976.16104999947
22895,1976.16104999947
22896,1976.16104999947
22897,1976.16104999947
22898,1976.16104999947
22899,1976.16104999947
22900,1976.16104999947
22901,1976.16104999947
22902,1976.16104999947
22903,1976.16104999947
22904,1976.16104999947
22905,1976.16104999947
22906,1976.16104999947
22907,1976.16104999947
22908,1976.16104999947
22909,1976.16104999947
22910,1976.16104999947
22911,1976.16104999947
22912,1976.16104999947
22913,1976.16104999947
22914,1976.16104999947
22915,1976.16104999947
22916,1976.16104999947
22917,1976.16104999947
22918,1976.16104999947
22919,1976.16104999947
22920,1976.16104999947
22921,1976.16104999947
22922,1976.16104999947
22923,1976.16104999947
22924,1976.16104999947
22925,1976.16104999947
22926,1976.16104999947
22927,1976.16104999947
22928,1976.16104999947
22929,1976.16104999947
22930,1976.16104999947
22931,1976.16104999947
22932,1976.16104999947
22933,1976.16104999947
22934,1976.16104999947
22935,1976.16104999947
22936,1976.16104999947
22937,1976.16104999947
22938,1976.16104999947
22939,1976.16104999947
22940,1976.16104999947
22941,1976.16104999947
22942,1976.16104999947
22943,1976.16104999947
22944,1976.16104999947
22945,1976.16104999947
22946,1976.16104999947
22947,1976.16104999947
22948,1976.16104999947
22949,1976.16104999947
22950,1976.16104999947
22951,1976.16104999947
22952,1976.16104999947
22953,1976.16104999947
22954,1976.16104999947
22955,1976.16104999947
22956,1976.16104999947
22957,1976.16104999947
22958,1976.16104999947
22959,1976.16104999947
22960,1976.16104999947
22961,1976.16104999947
22962,1976.16104999947
22963,1976.16104999947
22964,1976.16104999947
22965,1976.16104999947
22966,1976.16104999947
22967,1976.16104999947
22968,1976.16104999947
22969,1976.16104999947
22970,1976.16104999947
22971,1976.16104999947
22972,1976.16104999947
22973,1976.16104999947
22974,1976.16104999947
22975,1976.16104999947
22976,1976.16104999947
22977,1976.16104999947
22978,1976.16104999947
22979,1976.16104999947
22980,1976.16104999947
22981,1976.16104999947
22982,1976.16104999947
22983,1976.16104999947
22984,1976.16104999947
22985,1976.16104999947
22986,1976.16104999947
22987,1976.16104999947
22988,1976.16104999947
22989,1976.16104999947
22990,1976.16104999947
22991,1976.16104999947
22992,1976.16104999947
22993,1976.16104999947
22994,1976.16104999947
22995,1976.16104999947
22996,1976.16104999947
22997,1976.16104999947
22998,1976.16104999947
22999,1976.16104999947
23000,1976.16104999947
23001,1976.16104999947
23002,1976.16104999947
23003,1976.16104999947
23004,1976.16104999947
23005,1976.16104999947
23006,1976.16104999947
23007,1976.16104999947
23008,1976.16104999947
23009,1976.16104999947
23010,1976.16104999947
23011,1976.16104999947
23012,1976.16104999947
23013,1976.16104999947
23014,1976.16104999947
23015,1976.16104999947
23016,1976.16104999947
23017,1976.16104999947
23018,1976.16104999947
23019,1976.16104999947
23020,1976.16104999947
23021,1976.16104999947
23022,1976.16104999947
23023,1976.16104999947
23024,1976.16104999947
23025,1976.16104999947
23026,1976.16104999947
23027,1976.16104999947
23028,1976.16104999947
23029,1976.16104999947
23030,1976.16104999947
23031,1976.16104999947
23032,1976.16104999947
23033,1976.16104999947
23034,1976.16104999947
23035,1976.16104999947
23036,1976.16104999947
23037,1976.16104999947
23038,1976.16104999947
23039,1976.16104999947
23040,1976.16104999947
23041,1976.16104999947
23042,1976.16104999947
23043,1976.16104999947
23044,1976.16104999947
23045,1976.16104999947
23046,1976.16104999947
23047,1976.16104999947
23048,1976.16104999947
23049,1976.16104999947
23050,1976.16104999947
23051,1976.16104999947
23052,1976.16104999947
23053,1976.16104999947
23054,1976.16104999947
23055,1976.16104999947
23056,1976.16104999947
23057,1976.16104999947
23058,1976.16104999947
23059,1976.16104999947
23060,1976.16104999947
23061,1976.16104999947
23062,1976.16104999947
23063,1976.16104999947
23064,1976.16104999947
23065,1976.16104999947
23066,1976.16104999947
23067,1976.16104999947
23068,1976.16104999947
23069,1976.16104999947
23070,1976.16104999947
23071,1976.16104999947
23072,1976.16104999947
23073,1976.16104999947
23074,1976.16104999947
23075,1976.16104999947
23076,1976.16104999947
23077,1976.16104999947
23078,1976.16104999947
23079,1976.16104999947
23080,1976.16104999947
23081,1976.16104999947
23082,1976.16104999947
23083,1976.16104999947
23084,1976.16104999947
23085,1976.16104999947
23086,1976.16104999947
23087,1976.16104999947
23088,1976.16104999947
23089,1976.16104999947
23090,1976.16104999947
23091,1976.16104999947
23092,1976.16104999947
23093,1976.16104999947
23094,1976.16104999947
23095,1976.16104999947
23096,1976.16104999947
23097,1976.16104999947
23098,1976.16104999947
23099,1976.16104999947
23100,1976.16104999947
23101,1976.16104999947
23102,1976.16104999947
23103,1976.16104999947
23104,1976.16104999947
23105,1976.16104999947
23106,1976.16104999947
23107,1976.16104999947
23108,1976.16104999947
23109,1976.16104999947
23110,1976.16104999947
23111,1976.16104999947
23112,1976.16104999947
23113,1976.16104999947
23114,1976.16104999947
23115,1976.16104999947
23116,1976.16104999947
23117,1976.16104999947
23118,1976.16104999947
23119,1976.16104999947
23120,1976.16104999947
23121,1976.16104999947
23122,1976.16104999947
23123,1976.16104999947
23124,1976.16104999947
23125,1976.16104999947
23126,1976.16104999947
23127,1976.16104999947
23128,1976.16104999947
23129,1976.16104999947
23130,1976.16104999947
23131,1976.16104999947
23132,1976.16104999947
23133,1976.16104999947
23134,1976.16104999947
23135,1976.16104999947
23136,1976.16104999947
23137,1976.16104999947
23138,1976.16104999947
23139,1976.16104999947
23140,1976.16104999947
23141,1976.16104999947
23142,1976.16104999947
23143,1976.16104999947
23144,1976.16104999947
23145,1976.16104999947
23146,1976.16104999947
23147,1976.16104999947
23148,1976.16104999947
23149,1976.16104999947
23150,1976.16104999947
23151,1976.16104999947
23152,1976.16104999947
23153,1976.16104999947
23154,1976.16104999947
23155,1976.16104999947
23156,1976.16104999947
23157,1976.16104999947
23158,1976.16104999947
23159,1976.16104999947
23160,1976.16104999947
23161,1976.16104999947
23162,1976.16104999947
23163,1976.16104999947
23164,1976.16104999947
23165,1976.16104999947
23166,1976.16104999947
23167,1976.16104999947
23168,1976.16104999947
23169,1976.16104999947
23170,1976.16104999947
23171,1976.16104999947
23172,1976.16104999947
23173,1976.16104999947
23174,1976.16104999947
23175,1976.16104999947
23176,1976.16104999947
23177,1976.16104999947
23178,1976.16104999947
23179,1976.16104999947
23180,1976.16104999947
23181,1976.16104999947
23182,1976.16104999947
23183,1976.16104999947
23184,1976.16104999947
23185,1976.16104999947
23186,1976.16104999947
23187,1976.16104999947
23188,1976.16104999947
23189,1976.16104999947
23190,1976.16104999947
23191,1976.16104999947
23192,1976.16104999947
23193,1976.16104999947
23194,1976.16104999947
23195,1976.16104999947
23196,1976.16104999947
23197,1976.16104999947
23198,1976.16104999947
23199,1976.16104999947
23200,1976.16104999947
23201,1976.16104999947
23202,1976.16104999947
23203,1976.16104999947
23204,1976.16104999947
23205,1976.16104999947
23206,1976.16104999947
23207,1976.16104999947
23208,1976.16104999947
23209,1976.16104999947
23210,1976.16104999947
23211,1976.16104999947
23212,1976.16104999947
23213,1976.16104999947
23214,1976.16104999947
23215,1976.16104999947
23216,1976.16104999947
23217,1976.16104999947
23218,1976.16104999947
23219,1976.16104999947
23220,1976.16104999947
23221,1976.16104999947
23222,1976.16104999947
23223,1976.16104999947
23224,1976.16104999947
23225,1976.16104999947
23226,1976.16104999947
23227,1976.16104999947
23228,1976.16104999947
23229,1976.16104999947
23230,1976.16104999947
23231,1976.16104999947
23232,1976.16104999947
23233,1976.16104999947
23234,1976.16104999947
23235,1976.16104999947
23236,1976.16104999947
23237,1976.16104999947
23238,1976.16104999947
23239,1976.16104999947
23240,1976.16104999947
23241,1976.16104999947
23242,1976.16104999947
23243,1976.16104999947
23244,1976.16104999947
23245,1976.16104999947
23246,1976.16104999947
23247,1976.16104999947
23248,1976.16104999947
23249,1976.16104999947
23250,1976.16104999947
23251,1976.16104999947
23252,1976.16104999947
23253,1976.16104999947
23254,1976.16104999947
23255,1976.16104999947
23256,1976.16104999947
23257,1976.16104999947
23258,1976.16104999947
23259,1976.16104999947
23260,1976.16104999947
23261,1976.16104999947
23262,1976.16104999947
23263,1976.16104999947
23264,1976.16104999947
23265,1976.16104999947
23266,1976.16104999947
23267,1976.16104999947
23268,1976.16104999947
23269,1976.16104999947
23270,1976.16104999947
23271,1976.16104999947
23272,1976.16104999947
23273,1976.16104999947
23274,1976.16104999947
23275,1976.16104999947
23276,1976.16104999947
23277,1976.16104999947
23278,1976.16104999947
23279,1976.16104999947
23280,1976.16104999947
23281,1976.16104999947
23282,1976.16104999947
23283,1976.16104999947
23284,1976.16104999947
23285,1976.16104999947
23286,1976.16104999947
23287,1976.16104999947
23288,1976.16104999947
23289,1976.16104999947
23290,1976.16104999947
23291,1976.16104999947
23292,1976.16104999947
23293,1976.16104999947
23294,1976.16104999947
23295,1976.16104999947
23296,1976.16104999947
23297,1976.16104999947
23298,1976.16104999947
23299,1976.16104999947
23300,1976.16104999947
23301,1976.16104999947
23302,1976.16104999947
23303,1976.16104999947
23304,1976.16104999947
23305,1976.16104999947
23306,1976.16104999947
23307,1976.16104999947
23308,1976.16104999947
23309,1976.16104999947
23310,1976.16104999947
23311,1976.16104999947
23312,1976.16104999947
23313,1976.16104999947
23314,1976.16104999947
23315,1976.16104999947
23316,1976.16104999947
23317,1976.16104999947
23318,1976.16104999947
23319,1976.16104999947
23320,1976.16104999947
23321,1976.16104999947
23322,1976.16104999947
23323,1976.16104999947
23324,1976.16104999947
23325,1976.16104999947
23326,1976.16104999947
23327,1976.16104999947
23328,1976.16104999947
23329,1976.16104999947
23330,1976.16104999947
23331,1976.16104999947
23332,1976.16104999947
23333,1976.16104999947
23334,1976.16104999947
23335,1976.16104999947
23336,1976.16104999947
23337,1976.16104999947
23338,1976.16104999947
23339,1976.16104999947
23340,1976.16104999947
23341,1976.16104999947
23342,1976.16104999947
23343,1976.16104999947
23344,1976.16104999947
23345,1976.16104999947
23346,1976.16104999947
23347,1976.16104999947
23348,1976.16104999947
23349,1976.16104999947
23350,1976.16104999947
23351,1976.16104999947
23352,1976.16104999947
23353,1976.16104999947
23354,1976.16104999947
23355,1976.16104999947
23356,1976.16104999947
23357,1976.16104999947
23358,1976.16104999947
23359,1976.16104999947
23360,1976.16104999947
23361,1976.16104999947
23362,1976.16104999947
23363,1976.16104999947
23364,1976.16104999947
23365,1976.16104999947
23366,1976.16104999947
23367,1976.16104999947
23368,1976.16104999947
23369,1976.16104999947
23370,1976.16104999947
23371,1976.16104999947
23372,1976.16104999947
23373,1976.16104999947
23374,1976.16104999947
23375,1976.16104999947
23376,1976.16104999947
23377,1976.16104999947
23378,1976.16104999947
23379,1976.16104999947
23380,1976.16104999947
23381,1976.16104999947
23382,1976.16104999947
23383,1976.16104999947
23384,1976.16104999947
23385,1976.16104999947
23386,1976.16104999947
23387,1976.16104999947
23388,1976.16104999947
23389,1976.16104999947
23390,1976.16104999947
23391,1976.16104999947
23392,1976.16104999947
23393,1976.16104999947
23394,1976.16104999947
23395,1976.16104999947
23396,1976.16104999947
23397,1976.16104999947
23398,1976.16104999947
23399,1976.16104999947
23400,1976.16104999947
23401,1976.16104999947
23402,1976.16104999947
23403,1976.16104999947
23404,1976.16104999947
23405,1976.16104999947
23406,1976.16104999947
23407,1976.16104999947
23408,1976.16104999947
23409,1976.16104999947
23410,1976.16104999947
23411,1976.16104999947
23412,1976.16104999947
23413,1976.16104999947
23414,1976.16104999947
23415,1976.16104999947
23416,1976.16104999947
23417,1976.16104999947
23418,1976.16104999947
23419,1976.16104999947
23420,1976.16104999947
23421,1976.16104999947
23422,1976.16104999947
23423,1976.16104999947
23424,1976.16104999947
23425,1976.16104999947
23426,1976.16104999947
23427,1976.16104999947
23428,1976.16104999947
23429,1976.16104999947
23430,1976.16104999947
23431,1976.16104999947
23432,1976.16104999947
23433,1976.16104999947
23434,1976.16104999947
23435,1976.16104999947
23436,1976.16104999947
23437,1976.16104999947
23438,1976.16104999947
23439,1976.16104999947
23440,1976.16104999947
23441,1976.16104999947
23442,1976.16104999947
23443,1976.16104999947
23444,1976.16104999947
23445,1976.16104999947
23446,1976.16104999947
23447,1976.16104999947
23448,1976.16104999947
23449,1976.16104999947
23450,1976.16104999947
23451,1976.16104999947
23452,1976.16104999947
23453,1976.16104999947
23454,1976.16104999947
23455,1976.16104999947
23456,1976.16104999947
23457,1976.16104999947
23458,1976.16104999947
23459,1976.16104999947
23460,1976.16104999947
23461,1976.16104999947
23462,1976.16104999947
23463,1976.16104999947
23464,1976.16104999947
23465,1976.16104999947
23466,1976.16104999947
23467,1976.16104999947
23468,1976.16104999947
23469,1976.16104999947
23470,1976.16104999947
23471,1976.16104999947
23472,1976.16104999947
23473,1976.16104999947
23474,1976.16104999947
23475,1976.16104999947
23476,1976.16104999947
23477,1976.16104999947
23478,1976.16104999947
23479,1976.16104999947
23480,1976.16104999947
23481,1976.16104999947
23482,1976.16104999947
23483,1976.16104999947
23484,1976.16104999947
23485,1976.16104999947
23486,1976.16104999947
23487,1976.16104999947
23488,1976.16104999947
23489,1976.16104999947
23490,1976.16104999947
23491,1976.16104999947
23492,1976.16104999947
23493,1976.16104999947
23494,1976.16104999947
23495,1976.16104999947
23496,1976.16104999947
23497,1976.16104999947
23498,1976.16104999947
23499,1976.16104999947
23500,1976.16104999947
23501,1976.16104999947
23502,1976.16104999947
23503,1976.16104999947
23504,1976.16104999947
23505,1976.16104999947
23506,1976.16104999947
23507,1976.16104999947
23508,1976.16104999947
23509,1976.16104999947
23510,1976.16104999947
23511,1976.16104999947
23512,1976.16104999947
23513,1976.16104999947
23514,1976.16104999947
23515,1976.16104999947
23516,1976.16104999947
23517,1976.16104999947
23518,1976.16104999947
23519,1976.16104999947
23520,1976.16104999947
23521,1976.16104999947
23522,1976.16104999947
23523,1976.16104999947
23524,1976.16104999947
23525,1976.16104999947
23526,1976.16104999947
23527,1976.16104999947
23528,1976.16104999947
23529,1976.16104999947
23530,1976.16104999947
23531,1976.16104999947
23532,1976.16104999947
23533,1976.16104999947
23534,1976.16104999947
23535,1976.16104999947
23536,1976.16104999947
23537,1976.16104999947
23538,1976.16104999947
23539,1976.16104999947
23540,1976.16104999947
23541,1976.16104999947
23542,1976.16104999947
23543,1976.16104999947
23544,1976.16104999947
23545,1976.16104999947
23546,1976.16104999947
23547,1976.16104999947
23548,1976.16104999947
23549,1976.16104999947
23550,1976.16104999947
23551,1976.16104999947
23552,1976.16104999947
23553,1976.16104999947
23554,1976.16104999947
23555,1976.16104999947
23556,1976.16104999947
23557,1976.16104999947
23558,1976.16104999947
23559,1976.16104999947
23560,1976.16104999947
23561,1976.16104999947
23562,1976.16104999947
23563,1976.16104999947
23564,1976.16104999947
23565,1976.16104999947
23566,1976.16104999947
23567,1976.16104999947
23568,1976.16104999947
23569,1976.16104999947
23570,1976.16104999947
23571,1976.16104999947
23572,1976.16104999947
23573,1976.16104999947
23574,1976.16104999947
23575,1976.16104999947
23576,1976.16104999947
23577,1976.16104999947
23578,1976.16104999947
23579,1976.16104999947
23580,1976.16104999947
23581,1976.16104999947
23582,1976.16104999947
23583,1976.16104999947
23584,1976.16104999947
23585,1976.16104999947
23586,1976.16104999947
23587,1976.16104999947
23588,1976.16104999947
23589,1976.16104999947
23590,1976.16104999947
23591,1976.16104999947
23592,1976.16104999947
23593,1976.16104999947
23594,1976.16104999947
23595,1976.16104999947
23596,1976.16104999947
23597,1976.16104999947
23598,1976.16104999947
23599,1976.16104999947
23600,1976.16104999947
23601,1976.16104999947
23602,1976.16104999947
23603,1976.16104999947
23604,1976.16104999947
23605,1976.16104999947
23606,1976.16104999947
23607,1976.16104999947
23608,1976.16104999947
23609,1976.16104999947
23610,1976.16104999947
23611,1976.16104999947
23612,1976.16104999947
23613,1976.16104999947
23614,1976.16104999947
23615,1976.16104999947
23616,1976.16104999947
23617,1976.16104999947
23618,1976.16104999947
23619,1976.16104999947
23620,1976.16104999947
23621,1976.16104999947
23622,1976.16104999947
23623,1976.16104999947
23624,1976.16104999947
23625,1976.16104999947
23626,1976.16104999947
23627,1976.16104999947
23628,1976.16104999947
23629,1976.16104999947
23630,1976.16104999947
23631,1976.16104999947
23632,1976.16104999947
23633,1976.16104999947
23634,1976.16104999947
23635,1976.16104999947
23636,1976.16104999947
23637,1976.16104999947
23638,1976.16104999947
23639,1976.16104999947
23640,1976.16104999947
23641,1976.16104999947
23642,1976.16104999947
23643,1976.16104999947
23644,1976.16104999947
23645,1976.16104999947
23646,1976.16104999947
23647,1976.16104999947
23648,1976.16104999947
23649,1976.16104999947
23650,1976.16104999947
23651,1976.16104999947
23652,1976.16104999947
23653,1976.16104999947
23654,1976.16104999947
23655,1976.16104999947
23656,1976.16104999947
23657,1976.16104999947
23658,1976.16104999947
23659,1976.16104999947
23660,1976.16104999947
23661,1976.16104999947
23662,1976.16104999947
23663,1976.16104999947
23664,1976.16104999947
23665,1976.16104999947
23666,1976.16104999947
23667,1976.16104999947
23668,1976.16104999947
23669,1976.16104999947
23670,1976.16104999947
23671,1976.16104999947
23672,1976.16104999947
23673,1976.16104999947
23674,1976.16104999947
23675,1976.16104999947
23676,1976.16104999947
23677,1976.16104999947
23678,1976.16104999947
23679,1976.16104999947
23680,1976.16104999947
23681,1976.16104999947
23682,1976.16104999947
23683,1976.16104999947
23684,1976.16104999947
23685,1976.16104999947
23686,1976.16104999947
23687,1976.16104999947
23688,1976.16104999947
23689,1976.16104999947
23690,1976.16104999947
23691,1976.16104999947
23692,1976.16104999947
23693,1976.16104999947
23694,1976.16104999947
23695,1976.16104999947
23696,1976.16104999947
23697,1976.16104999947
23698,1976.16104999947
23699,1976.16104999947
23700,1976.16104999947
23701,1976.16104999947
23702,1976.16104999947
23703,1976.16104999947
23704,1976.16104999947
23705,1976.16104999947
23706,1976.16104999947
23707,1976.16104999947
23708,1976.16104999947
23709,1976.16104999947
23710,1976.16104999947
23711,1976.16104999947
23712,1976.16104999947
23713,1976.16104999947
23714,1976.16104999947
23715,1976.16104999947
23716,1976.16104999947
23717,1976.16104999947
23718,1976.16104999947
23719,1976.16104999947
23720,1976.16104999947
23721,1976.16104999947
23722,1976.16104999947
23723,1976.16104999947
23724,1976.16104999947
23725,1976.16104999947
23726,1976.16104999947
23727,1976.16104999947
23728,1976.16104999947
23729,1976.16104999947
23730,1976.16104999947
23731,1976.16104999947
23732,1976.16104999947
23733,1976.16104999947
23734,1976.16104999947
23735,1976.16104999947
23736,1976.16104999947
23737,1976.16104999947
23738,1976.16104999947
23739,1976.16104999947
23740,1976.16104999947
23741,1976.16104999947
23742,1976.16104999947
23743,1976.16104999947
23744,1976.16104999947
23745,1976.16104999947
23746,1976.16104999947
23747,1976.16104999947
23748,1976.16104999947
23749,1976.16104999947
23750,1976.16104999947
23751,1976.16104999947
23752,1976.16104999947
23753,1976.16104999947
23754,1976.16104999947
23755,1976.16104999947
23756,1976.16104999947
23757,1976.16104999947
23758,1976.16104999947
23759,1976.16104999947
23760,1976.16104999947
23761,1976.16104999947
23762,1976.16104999947
23763,1976.16104999947
23764,1976.16104999947
23765,1976.16104999947
23766,1976.16104999947
23767,1976.16104999947
23768,1976.16104999947
23769,1976.16104999947
23770,1976.16104999947
23771,1976.16104999947
23772,1976.16104999947
23773,1976.16104999947
23774,1976.16104999947
23775,1976.16104999947
23776,1976.16104999947
23777,1976.16104999947
23778,1976.16104999947
23779,1976.16104999947
23780,1976.16104999947
23781,1976.16104999947
23782,1976.16104999947
23783,1976.16104999947
23784,1976.16104999947
23785,1976.16104999947
23786,1976.16104999947
23787,1976.16104999947
23788,1976.16104999947
23789,1976.16104999947
23790,1976.16104999947
23791,1976.16104999947
23792,1976.16104999947
23793,1976.16104999947
23794,1976.16104999947
23795,1976.16104999947
23796,1976.16104999947
23797,1976.16104999947
23798,1976.16104999947
23799,1976.16104999947
23800,1976.16104999947
23801,1976.16104999947
23802,1976.16104999947
23803,1976.16104999947
23804,1976.16104999947
23805,1976.16104999947
23806,1976.16104999947
23807,1976.16104999947
23808,1976.16104999947
23809,1976.16104999947
23810,1976.16104999947
23811,1976.16104999947
23812,1976.16104999947
23813,1976.16104999947
23814,1976.16104999947
23815,1976.16104999947
23816,1976.16104999947
23817,1976.16104999947
23818,1976.16104999947
23819,1976.16104999947
23820,1976.16104999947
23821,1976.16104999947
23822,1976.16104999947
23823,1976.16104999947
23824,1976.16104999947
23825,1976.16104999947
23826,1976.16104999947
23827,1976.16104999947
23828,1976.16104999947
23829,1976.16104999947
23830,1976.16104999947
23831,1976.16104999947
23832,1976.16104999947
23833,1976.16104999947
23834,1976.16104999947
23835,1976.16104999947
23836,1976.16104999947
23837,1976.16104999947
23838,1976.16104999947
23839,1976.16104999947
23840,1976.16104999947
23841,1976.16104999947
23842,1976.16104999947
23843,1976.16104999947
23844,1976.16104999947
23845,1976.16104999947
23846,1976.16104999947
23847,1976.16104999947
23848,1976.16104999947
23849,1976.16104999947
23850,1976.16104999947
23851,1976.16104999947
23852,1976.16104999947
23853,1976.16104999947
23854,1976.16104999947
23855,1976.16104999947
23856,1976.16104999947
23857,1976.16104999947
23858,1976.16104999947
23859,1976.16104999947
23860,1976.16104999947
23861,1976.16104999947
23862,1976.16104999947
23863,1976.16104999947
23864,1976.16104999947
23865,1976.16104999947
23866,1976.16104999947
23867,1976.16104999947
23868,1976.16104999947
23869,1976.16104999947
23870,1976.16104999947
23871,1976.16104999947
23872,1976.16104999947
23873,1976.16104999947
23874,1976.16104999947
23875,1976.16104999947
23876,1976.16104999947
23877,1976.16104999947
23878,1976.16104999947
23879,1976.16104999947
23880,1976.16104999947
23881,1976.16104999947
23882,1976.16104999947
23883,1976.16104999947
23884,1976.16104999947
23885,1976.16104999947
23886,1976.16104999947
23887,1976.16104999947
23888,1976.16104999947
23889,1976.16104999947
23890,1976.16104999947
23891,1976.16104999947
23892,1976.16104999947
23893,1976.16104999947
23894,1976.16104999947
23895,1976.16104999947
23896,1976.16104999947
23897,1976.16104999947
23898,1976.16104999947
23899,1976.16104999947
23900,1976.16104999947
23901,1976.16104999947
23902,1976.16104999947
23903,1976.16104999947
23904,1976.16104999947
23905,1976.16104999947
23906,1976.16104999947
23907,1976.16104999947
23908,1976.16104999947
23909,1976.16104999947
23910,1976.16104999947
23911,1976.16104999947
23912,1976.16104999947
23913,1976.16104999947
23914,1976.16104999947
23915,1976.16104999947
23916,1976.16104999947
23917,1976.16104999947
23918,1976.16104999947
23919,1976.16104999947
23920,1976.16104999947
23921,1976.16104999947
23922,1976.16104999947
23923,1976.16104999947
23924,1976.16104999947
23925,1976.16104999947
23926,1976.16104999947
23927,1976.16104999947
23928,1976.16104999947
23929,1976.16104999947
23930,1976.16104999947
23931,1976.16104999947
23932,1976.16104999947
23933,1976.16104999947
23934,1976.16104999947
23935,1976.16104999947
23936,1976.16104999947
23937,1976.16104999947
23938,1976.16104999947
23939,1976.16104999947
23940,1976.16104999947
23941,1976.16104999947
23942,1976.16104999947
23943,1976.16104999947
23944,1976.16104999947
23945,1976.16104999947
23946,1976.16104999947
23947,1976.16104999947
23948,1976.16104999947
23949,1976.16104999947
23950,1976.16104999947
23951,1976.16104999947
23952,1976.16104999947
23953,1976.16104999947
23954,1976.16104999947
23955,1976.16104999947
23956,1976.16104999947
23957,1976.16104999947
23958,1976.16104999947
23959,1976.16104999947
23960,1976.16104999947
23961,1976.16104999947
23962,1976.16104999947
23963,1976.16104999947
23964,1976.16104999947
23965,1976.16104999947
23966,1976.16104999947
23967,1976.16104999947
23968,1976.16104999947
23969,1976.16104999947
23970,1976.16104999947
23971,1976.16104999947
23972,1976.16104999947
23973,1976.16104999947
23974,1976.16104999947
23975,1976.16104999947
23976,1976.16104999947
23977,1976.16104999947
23978,1976.16104999947
23979,1976.16104999947
23980,1976.16104999947
23981,1976.16104999947
23982,1976.16104999947
23983,1976.16104999947
23984,1976.16104999947
23985,1976.16104999947
23986,1976.16104999947
23987,1976.16104999947
23988,1976.16104999947
23989,1976.16104999947
23990,1976.16104999947
23991,1976.16104999947
23992,1976.16104999947
23993,1976.16104999947
23994,1976.16104999947
23995,1976.16104999947
23996,1976.16104999947
23997,1976.16104999947
23998,1976.16104999947
23999,1976.16104999947
24000,1976.16104999947
24001,1976.16104999947
24002,1976.16104999947
24003,1976.16104999947
24004,1976.16104999947
24005,1976.16104999947
24006,1976.16104999947
24007,1976.16104999947
24008,1976.16104999947
24009,1976.16104999947
24010,1976.16104999947
24011,1976.16104999947
24012,1976.16104999947
24013,1976.16104999947
24014,1976.16104999947
24015,1976.16104999947
24016,1976.16104999947
24017,1976.16104999947
24018,1976.16104999947
24019,1976.16104999947
24020,1976.16104999947
24021,1976.16104999947
24022,1976.16104999947
24023,1976.16104999947
24024,1976.16104999947
24025,1976.16104999947
24026,1976.16104999947
24027,1976.16104999947
24028,1976.16104999947
24029,1976.16104999947
24030,1976.16104999947
24031,1976.16104999947
24032,1976.16104999947
24033,1976.16104999947
24034,1976.16104999947
24035,1976.16104999947
24036,1976.16104999947
24037,1976.16104999947
24038,1976.16104999947
24039,1976.16104999947
24040,1976.16104999947
24041,1976.16104999947
24042,1976.16104999947
24043,1976.16104999947
24044,1976.16104999947
24045,1976.16104999947
24046,1976.16104999947
24047,1976.16104999947
24048,1976.16104999947
24049,1976.16104999947
24050,1976.16104999947
24051,1976.16104999947
24052,1976.16104999947
24053,1976.16104999947
24054,1976.16104999947
24055,1976.16104999947
24056,1976.16104999947
24057,1976.16104999947
24058,1976.16104999947
24059,1976.16104999947
24060,1976.16104999947
24061,1976.16104999947
24062,1976.16104999947
24063,1976.16104999947
24064,1976.16104999947
24065,1976.16104999947
24066,1976.16104999947
24067,1976.16104999947
24068,1976.16104999947
24069,1976.16104999947
24070,1976.16104999947
24071,1976.16104999947
24072,1976.16104999947
24073,1976.16104999947
24074,1976.16104999947
24075,1976.16104999947
24076,1976.16104999947
24077,1976.16104999947
24078,1976.16104999947
24079,1976.16104999947
24080,1976.16104999947
24081,1976.16104999947
24082,1976.16104999947
24083,1976.16104999947
24084,1976.16104999947
24085,1976.16104999947
24086,1976.16104999947
24087,1976.16104999947
24088,1976.16104999947
24089,1976.16104999947
24090,1976.16104999947
24091,1976.16104999947
24092,1976.16104999947
24093,1976.16104999947
24094,1976.16104999947
24095,1976.16104999947
24096,1976.16104999947
24097,1976.16104999947
24098,1976.16104999947
24099,1976.16104999947
24100,1976.16104999947
24101,1976.16104999947
24102,1976.16104999947
24103,1976.16104999947
24104,1976.16104999947
24105,1976.16104999947
24106,1976.16104999947
24107,1976.16104999947
24108,1976.16104999947
24109,1976.16104999947
24110,1976.16104999947
24111,1976.16104999947
24112,1976.16104999947
24113,1976.16104999947
24114,1976.16104999947
24115,1976.16104999947
24116,1976.16104999947
24117,1976.16104999947
24118,1976.16104999947
24119,1976.16104999947
24120,1976.16104999947
24121,1976.16104999947
24122,1976.16104999947
24123,1976.16104999947
24124,1976.16104999947
24125,1976.16104999947
24126,1976.16104999947
24127,1976.16104999947
24128,1976.16104999947
24129,1976.16104999947
24130,1976.16104999947
24131,1976.16104999947
24132,1976.16104999947
24133,1976.16104999947
24134,1976.16104999947
24135,1976.16104999947
24136,1976.16104999947
24137,1976.16104999947
24138,1976.16104999947
24139,1976.16104999947
24140,1976.16104999947
24141,1976.16104999947
24142,1976.16104999947
24143,1976.16104999947
24144,1976.16104999947
24145,1976.16104999947
24146,1976.16104999947
24147,1976.16104999947
24148,1976.16104999947
24149,1976.16104999947
24150,1976.16104999947
24151,1976.16104999947
24152,1976.16104999947
24153,1976.16104999947
24154,1976.16104999947
24155,1976.16104999947
24156,1976.16104999947
24157,1976.16104999947
24158,1976.16104999947
24159,1976.16104999947
24160,1976.16104999947
24161,1976.16104999947
24162,1976.16104999947
24163,1976.16104999947
24164,1976.16104999947
24165,1976.16104999947
24166,1976.16104999947
24167,1976.16104999947
24168,1976.16104999947
24169,1976.16104999947
24170,1976.16104999947
24171,1976.16104999947
24172,1976.16104999947
24173,1976.16104999947
24174,1976.16104999947
24175,1976.16104999947
24176,1976.16104999947
24177,1976.16104999947
24178,1976.16104999947
24179,1976.16104999947
24180,1976.16104999947
24181,1976.16104999947
24182,1976.16104999947
24183,1976.16104999947
24184,1976.16104999947
24185,1976.16104999947
24186,1976.16104999947
24187,1976.16104999947
24188,1976.16104999947
24189,1976.16104999947
24190,1976.16104999947
24191,1976.16104999947
24192,1976.16104999947
24193,1976.16104999947
24194,1976.16104999947
24195,1976.16104999947
24196,1976.16104999947
