id,profit
5195,9.140451431274414
6540,-1.5618265867233276
3606,-1.8077019453048706
8514,5.496450901031494
6893,6.1064629554748535
1936,-16.335418701171875
1593,-21.73867416381836
8245,17.05453872680664
4178,-114.88545227050781
3369,6.331037521362305
5672,17.27927589416504
2238,1.120892882347107
4681,3.8642022609710693
1340,-303.9310302734375
8973,13.665580749511719
8153,45.4849967956543
6162,9.6145477294921875
7671,2297.72607421875
1506,83.43547821044922
2606,48.70274353027344
8515,22.157020568847656
2373,-2.026564121246338
8749,3.80500864982605
8065,21.863550186157227
634,-21.630979537963867
6431,171.39012145996094
9867,13.39389419555664
4724,12.101688385009766
6604,6.700087547302246
2870,13.665580749511719
6519,6.700087547302246
9438,5.992992877960205
1333,20.41350555419922
138,48.311222076416016
3265,28.79351043701172
8121,5.644292831420898
8082,32.279476165771484
690,-1504.6163330078125
4321,4.3562164306640625
2980,5.964089870452881
6667,769.4735107421875
870,5.992992877960205
150,24.498050689697266
2372,22.157020568847656
216,5.496450901031494
3558,-9.723796844482422
4473,5.427065372467041
8085,45.10215377807617
8769,3.80500864982605
9182,200.13096618652344
4582,34.03728103637695
3867,178.37046813964844
7818,26.647762298583984
6693,46.880611419677734
7197,-7.764887809753418
285,-117.27649688720703
1196,30.964008331298828
355,-30.605138778686523
3765,474.4810791015625
8511,-26.18614387512207
2056,13.561050415039063
6241,5.964089870452881
654,5.964089870452881
5485,7.863674640655518
133,15.00936222076416
927,453.49267578125
670,-8.374859809875488
6310,-253.77243041992188
5047,154.46200561523438
59,24.6769962310791
1030,8.460092544555664
933,-5.637585163116455
6244,4.925286293029785
2493,-4.337193012237549
3981,5.1285552978515625
5518,12.286595344543457
1900,83.72650146484375
8182,17.038911819458008
3562,39.35000228881836
966,3.80500864982605
9328,-147.1055450439453
9562,7.863674640655518
7212,13.39389419555664
1453,-1.6587573289871216
455,35.56190490722656
8391,25.046045303344727
2361,7.17953634262085
8089,4.134268283843994
9459,-69.22613525390625
9168,29.98543930053711
5615,-734.22552490234375
6116,51.694644927978516
8483,72.30333709716797
1063,13.714938163757324
1541,3.80500864982605
1930,1.7523854970932007
5946,13.561050415039063
1919,-82.45751953125
9960,26.09123992919922
12,24.915788650512695
8200,30.70558738708496
1972,4.704497337341309
6069,1.8115781545639038
9514,4.070744514465332
3605,-21.630979537963867
2065,44.20327377319336
4602,3.80500864982605
5640,4.023430347442627
6387,12.34578800201416
643,-123.17826843261719
577,16.96180534362793
5986,5.644292831420898
9429,3.80500864982605
4816,5.084514141082764
8014,38.782466888427734
6691,22.209339141845703
4260,55.767032623291016
4932,9.455318450927734
9952,46.880611419677734
5423,3.80500864982605
153,9.461119651794434
2898,46.80581283569336
710,6.700087547302246
6995,-26.18614387512207
8389,8.419358253479004
4975,8.051948547363281
4208,4.134268283843994
4967,20.578536987304688
7831,5.287783145904541
8338,-9.345101356506348
5556,-9.535133361816406
567,-41.18473815917969
7201,7.350895881652832
8994,-15.954826354980469
8979,22.967731475830078
7978,8.233829498291016
5463,-7.614850997924805
6064,40.85301208496094
9359,-7.614850997924805
2347,9.131856918334961
1629,189.69296264648438
6625,16.750885009765625
9475,31.99599266052246
8229,13.296528816223145
5684,3.80500864982605
1982,4.893242835998535
7683,108.79640197753906
2295,-103.21644592285156
1497,32.72268295288086
9907,-6.905031204223633
7397,-21.227046966552734
8955,-38.59587097167969
6308,-7.764887809753418
3489,59.17190170288086
2726,-2.1779024600982666
903,173.86953735351563
802,597.0673828125
1789,3.80500864982605
6416,6.91457462310791
8660,5.644292831420898
6373,5.964089870452881
4771,-8.935400009155273
7994,22.157020568847656
7851,7.4791131019592285
782,-180.20526123046875
4498,6.743194580078125
1261,7.065436840057373
8222,46.19595718383789
3546,5.496450901031494
1114,9.396378517150879
862,-9.345101356506348
9309,5.644292831420898
2395,30.397478103637695
876,0.2842259109020233
6238,13.289363861083984
1330,-9.780187606811523
7655,-9.552900314331055
9517,6.700087547302246
6246,-6.082869052886963
5603,6.5839667320251465
5700,12.7825288772583
6795,-123.02452087402344
7749,45.036895751953125
8638,2.7226247787475586
322,-64.59919738769531
198,3.9776723384857178
1125,9.020550727844238
4052,-59.363746643066406
8944,-13.505581855773926
1147,-122.1953353881836
2532,21.54720115661621
4109,118.03724670410156
9163,9.131856918334961
6227,20.788835525512695
1524,263.4939270019531
9787,14.632270812988281
4168,0.8405070304870605
6766,40.85301208496094
3350,35.74338150024414
4192,-9.552900314331055
7808,-0.6966990232467651
2289,192.6388397216797
8962,13.256836891174316
2854,2.006237506866455
9410,13.625791549682617
469,-29.83527946472168
8772,4.893242835998535
7988,-3.7266478538513184
2650,13.44302749633789
6087,3.80500864982605
4819,16.027393341064453
1772,5.1285552978515625
3278,236.07460021972656
1968,-6.905031204223633
8207,4.515444278717041
8456,-9.425320625305176
7439,24.498050689697266
2202,-688.35272216796875
6951,4.775249481201172
4634,-7.764887809753418
4085,-9.780187606811523
2351,8.252863883972168
3615,5.792731285095215
2456,12.286595344543457
2933,-267.9378662109375
7330,57.757545471191406
2275,3.80500864982605
3861,-0.4707571566104889
951,7.982664585113525
5032,-50.235267639160156
2682,62.880882263183594
2727,28.410646438598633
4199,8.252863883972168
7139,-123.06493377685547
3530,389.2331848144531
7137,3.9776723384857178
2259,13.296528816223145
336,-107.55774688720703
5222,18.252775192260742
3995,212.94761657714844
8492,5.964089870452881
623,23.0311336517334
3180,-27.161928176879883
7019,13.665580749511719
7497,-9.345101356506348
6936,12.479939460754395
6884,12.34578800201416
2959,25.240041732788086
3247,3.80500864982605
1535,9.500908851623535
3899,-44.81917953491211
4850,-3.556082248687744
4367,16.36772918701172
725,-1953.4853515625
7325,30.964008331298828
6737,-120.58241271972656
3523,3.80500864982605
3708,13.345715522766113
9756,-373.1027526855469
4165,-3.063922643661499
4561,26.61271095275879
9538,12.286595344543457
6126,-9.780187606811523
7643,8.419358253479004
6913,4.023430347442627
6978,3.80500864982605
9715,3.80500864982605
2783,-9.535133361816406
3971,-269.8554992675781
8372,-3.839855194091797
7666,5.427065372467041
5829,122.67152404785156
8771,44.32632064819336
4271,7.2183122634887695
5285,-3.0036752223968506
4566,-54.65583801269531
8431,13.195375442504883
8921,5.427065372467041
6195,3.80500864982605
8134,3.9642372131347656
4827,32.90856170654297
5371,6.810798168182373
6352,7.868799209594727
8574,12.286595344543457
9373,22.222415924072266
4983,333.949951171875
6511,15.741304397583008
9741,-43.632476806640625
9833,9.140451431274414
8295,-2.918776273727417
5877,112.46477508544922
3281,-54.63806915283203
2533,3.80500864982605
3124,13.057616233825684
8158,8.534758567810059
8789,13.232169151306152
6637,3.80500864982605
8320,17.6624755859375
3675,-13.249466896057129
7320,51.942665100097656
940,4.229973316192627
7302,14.457725524902344
3641,35.783180236816406
9680,7.863674640655518
586,-3.667454481124878
5209,-2.941983222961426
9063,-9.345101356506348
8972,5.496450901031494
146,31.99599266052246
4987,6.874783039093018
295,3.80500864982605
2424,125.13949584960938
2982,-4.866696834564209
2371,4.925286293029785
5666,5.644292831420898
9138,9.500908851623535
6924,-4.980166912078857
9357,5.992992877960205
8963,5.076301097869873
5282,24.34078598022461
8721,45.10215377807617
5750,-8.374859809875488
649,83.25695037841797
3427,24.586528778076172
7494,17.05453872680664
2648,-54.65583801269531
3942,45.11595153808594
6512,27.014816284179688
6289,32.36504364013672
4545,51.140140533447266
5204,-104.025390625
1643,12.34578800201416
9132,9.500908851623535
4106,-2.448573589324951
4438,-9.780187606811523
131,-117.27649688720703
4880,5.644292831420898
5798,37.89484405517578
4229,-2.419414520263672
4700,32.324398040771484
1172,5.635107517242432
9336,64.44673156738281
160,13.195375442504883
6720,5.496450901031494
693,401.09686279296875
7857,-335.0146484375
3271,-7.764887809753418
8559,3.294074773788452
8012,307.512451171875
5491,3.8642022609710693
9244,7.863674640655518
5908,3.8642022609710693
7449,7.413717746734619
5652,-263.62054443359375
3304,3.80500864982605
8728,4.306931972503662
8906,9.396378517150879
4572,-9.345101356506348
5787,-69.22613525390625
3080,1.4969236850738525
2642,17.776111602783203
9581,12.940279960632324
8562,37.52501678466797
6873,-0.6313037276268005
1341,3.8589255809783936
5179,14.891033172607422
9209,5.1589789390563965
5157,5.076301097869873
6535,5.992992877960205
2458,30.106914520263672
2481,65.86676025390625
1187,9.610542297363281
6970,-9.780187606811523
180,18.17368507385254
7645,-9.797954559326172
8829,-7.764887809753418
8249,4.306931972503662
3818,27.789873123168945
7663,-184.05819702148438
6306,-2.6677517890930176
9134,-3.667454481124878
6739,133.91986083984375
2036,3.80500864982605
4800,32.36504364013672
7723,15.741304397583008
163,24.217479705810547
4920,3.8642022609710693
9253,-0.4871237874031067
5357,11.20023250579834
646,-117.27649688720703
9737,27.789873123168945
1445,8.534758567810059
281,-8.802556037902832
2579,26.582366943359375
8203,-4.980166912078857
1612,-164.81961059570313
9755,5.457814693450928
6478,-9.723796844482422
9851,27.03999900817871
6114,14.418152809143066
4622,1.7523854970932007
5332,23.08572769165039
6774,93.25582122802734
5484,10.251523971557617
3352,9.830171585083008
1284,10.926230430603027
3176,-9.816152572631836
9483,-18.8049373626709
9759,9.140451431274414
1867,3.80500864982605
5113,-9.535133361816406
5631,26.43809700012207
9224,40.85301208496094
6785,3.870404005050659
9962,-0.4135550558567047
7276,26.21331787109375
9473,63.288883209228516
9799,-30.605138778686523
7096,12.286595344543457
5363,9.131856918334961
9987,-9.425320625305176
9831,3.9776723384857178
4881,4.136139869689941
990,16.750885009765625
886,12.61585807800293
3592,4.3562164306640625
8292,65.681671142578125
866,54.82288360595703
6712,9.455318450927734
4820,50.666996002197266
4599,5.532486915588379
8851,-801.43896484375
9193,19.519559860229492
369,102.76428985595703
4783,14.726244926452637
3067,4.3562164306640625
9269,3.80500864982605
7422,-26.18614387512207
7589,5.644292831420898
3634,20.030641555786133
6296,-9.425320625305176
6958,16.685489654541016
3317,-7.614850997924805
6990,42.4952278137207
3401,-8.374859809875488
329,9.131856918334961
8208,-37.64917755126953
7798,13.849907875061035
2905,44.08428192138672
8147,34.65110778808594
2305,59.17190170288086
3728,18.980060577392578
9860,30.302831649780273
1139,-9.780187606811523
2404,19.099056243896484
6887,172.5583038330078
1238,-120.04415130615234
7903,137.3982696533203
5470,13.377212524414063
1773,4.558737277984619
9856,5.992992877960205
8818,4.925286293029785
1895,10.892087936401367
855,113.5618667602539
5778,-29.629472732543945
3379,552.1278076171875
2140,-237.1866912841797
722,-54.63806915283203
9542,4.863725185394287
937,3.80500864982605
8364,5.964089870452881
5717,9.140451431274414
4894,5.964089870452881
2602,8.095623970031738
4185,9.455318450927734
9221,50.40314483642578
2154,10.996217727661133
2108,3.80500864982605
1026,3.8642022609710693
8324,5.532486915588379
1666,-64.82258605957031
8735,8.051948547363281
547,5.53815221786499
9263,5.644292831420898
5427,3.8642022609710693
7030,20.362327575683594
28,3.80500864982605
850,3.80500864982605
8582,45.550453186035156
2105,5.53815221786499
3659,9.396378517150879
4900,15.9285888671875
2020,-4.402588367462158
9501,46.448158264160156
2496,-7.764887809753418
2715,256.1640930175781
8992,-43.632476806640625
8613,13.377212524414063
4553,-54.65583801269531
2466,4.925286293029785
8070,3.80500864982605
8345,-187.72726440429688
4145,25.666818618774414
2166,3.8642022609710693
7873,3.80500864982605
9819,4.023430347442627
46,4.347553253173828
8435,19.023733139038086
4725,74.78779602050781
5462,22.167924880981445
2304,10.785294532775879
1894,-42.10492706298828
2245,59.17190170288086
451,59.17190170288086
38,6.171858310699463
6885,6.591244697570801
6655,-6.905031204223633
7853,3.8642022609710693
1761,123.87419891357422
3703,7.863674640655518
5145,-197.95899963378906
7149,4.136900424957275
7310,-9.425320625305176
2185,65.86676025390625
795,4.836254596710205
2811,41.18225860595703
4218,1.7523854970932007
8618,-17.442012786865234
3268,25.240041732788086
5408,10.750876426696777
9041,-16.335418701171875
1720,-95.632568359375
5815,10.513927459716797
50,17.01296615600586
4756,4.9434814453125
5111,7.4791131019592285
6186,-3.7266478538513184
8480,8.187339782714844
5716,17.05453872680664
9107,35.84135437011719
9958,-19.68244171142578
4941,23.183635711669922
9028,89.06298065185547
3097,-7.614850997924805
6882,4.9170732498168945
6791,3.9776723384857178
7865,3.80500864982605
6175,7.17953634262085
1090,14.801013946533203
1016,5.496450901031494
3815,315.330322265625
137,-134.8580322265625
505,527.748046875
4080,-184.4984130859375
3375,32.36504364013672
9800,155.30245971679688
19,3.80500864982605
9724,13.195375442504883
1571,-115.03919982910156
4276,2.7194087505340576
4046,3.9642372131347656
7125,-28.32753562927246
4019,172.5461883544922
2954,-9.345101356506348
4041,4.893242835998535
9882,9.455318450927734
9285,8.460092544555664
5977,59.54094696044922
2208,0.7491984963417053
5675,5.635107517242432
6938,-2.918776273727417
4237,6.595559120178223
9059,12.479939460754395
3231,-9.345101356506348
6295,-27.254283905029297
2645,28.96685218811035
9775,28.918394088745117
9610,12.666722297668457
9276,-13.505581855773926
6285,-254.94085693359375
6601,22.702865600585938
3125,55.963260650634766
7216,76.2263412475586
3028,100.63297271728516
3316,-9.706029891967773
4164,33.911338806152344
9082,6.018517017364502
2876,12.89838695526123
7002,-13.505581855773926
3164,31.30585289001465
6837,13.52410888671875
6742,27.789873123168945
6564,3657.411376953125
7696,378.1653747558594
1222,5.427065372467041
3672,3.80500864982605
1075,6.288354873657227
3775,5.444450378417969
5528,56.62699508666992
5158,31.30585289001465
4745,13.861096382141113
8360,7.394696235656738
539,-38.442142486572266
5435,4.775249481201172
8855,-9.780187606811523
2847,387.1242980957031
4637,5.1285552978515625
3517,-15.960500717163086
4966,15.7352876663208
7592,3.80500864982605
6055,1.7523854970932007
9594,11.349202156066895
9388,4.023430347442627
811,63.541046142578125
3274,195.90785217285156
8959,5.964089870452881
2741,-0.4135550558567047
8719,24.586528778076172
7832,5.709688186645508
1884,3.80500864982605
5912,9.500908851623535
9439,3.80500864982605
1981,265.06622314453125
524,3.80500864982605
8587,32.36504364013672
9659,12.826323509216309
4070,9.500908851623535
9288,32.36504364013672
2581,-9.345101356506348
4726,71.78595733642578
5438,-2.1779024600982666
239,74.06074523925781
9105,-115.58177185058594
7869,5.585099220275879
8176,4.240056991577148
9684,-1777.75732421875
8610,9.461119651794434
5340,4.787201404571533
9909,3.8642022609710693
6314,25.240041732788086
2492,5.644292831420898
4600,26.582366943359375
1582,3.80500864982605
7998,5.532486915588379
9825,-335.0146484375
53,45.405941009521484
6846,12.940279960632324
9345,5.1285552978515625
4356,5.964089870452881
4302,-1.9991728067398071
399,3.80500864982605
1178,34.339420318603516
8980,10.966341018676758
3022,-8.107285499572754
2948,3.80500864982605
9582,-120.58241271972656
2386,-9.552900314331055
6456,81.56194305419922
9468,120.78129577636719
3308,51.901588439941406
3935,8.419358253479004
1235,13.095212936401367
540,-1.2161579132080078
3824,-6.905031204223633
7152,9.500908851623535
9515,-9.345101356506348
1297,5.8110456466674805
786,9.455318450927734
7098,5.964089870452881
6796,-9.780187606811523
2400,19.519559860229492
7763,13.296528816223145
1450,17.004901885986328
3486,104.78256225585938
7286,347.2418518066406
1668,-2.6145846843719482
7794,61.55424499511719
1013,3.80500864982605
9126,6.673911094665527
8924,13.724532127380371
5832,12.952193260192871
3155,6.397305965423584
6212,3.8642022609710693
9458,-29.629472732543945
4033,50.6992301940918
2611,3.80500864982605
2416,65.94660186767578
6313,3.80500864982605
7942,4.9170732498168945
972,263.5475158691406
3013,3.8642022609710693
1082,3.8642022609710693
6616,20.509382247924805
5215,22.312721252441406
2214,195.90785217285156
6650,-9.345101356506348
3224,5.496450901031494
6392,5.992992877960205
6780,-9.443087577819824
6155,7.052324295043945
2688,-95.632568359375
5807,17.004901885986328
9472,10.750876426696777
7849,5.496450901031494
9260,489.9079895019531
9007,13.195375442504883
2749,5.964089870452881
9988,-44.555328369140625
5361,4.925286293029785
4833,64.169219970703125
4013,8.196224212646484
4312,84.474395751953125
7868,46.85797882080078
5764,-7.614850997924805
8348,6.181572437286377
7192,5.341517448425293
2131,-9.986833572387695
7213,4.704497337341309
9826,28.79351043701172
6405,17.038911819458008
20,10.290488243103027
165,5.644292831420898
843,12.826323509216309
8892,16.027393341064453
784,80.67637634277344
9225,10.251523971557617
7391,40.48396682739258
5564,114.55780792236328
1446,13.296528816223145
7222,3.80500864982605
9141,5.496450901031494
9491,16.72713279724121
4138,23.93819236755371
583,-9.706029891967773
4381,5.644292831420898
3762,-9.255464553833008
4111,-4.915122032165527
5086,5.427065372467041
6571,45.43031311035156
9573,5.532486915588379
7934,4.347553253173828
1077,3.80500864982605
9,59.66851043701172
4847,65.681671142578125
8718,-6.905031204223633
4120,17.05453872680664
8318,3.9776723384857178
213,25.666818618774414
3870,3.8642022609710693
6812,-2.6145846843719482
429,5.964089870452881
5495,3.80500864982605
8989,-9.535133361816406
2116,17.05453872680664
2704,353.8318786621094
615,80.1318588256836
2303,7.068081855773926
5830,9.500908851623535
1072,11.234539031982422
2332,-4.289271831512451
2423,-5.753609657287598
3205,-2.7343080043792725
5119,-9.706029891967773
9656,24.541597366333008
639,101.14323425292969
5143,17.657115936279297
5069,9.396378517150879
2190,8.252863883972168
4249,22.148597717285156
2725,5.964089870452881
3199,25.152742385864258
861,9.500908851623535
1389,19.519559860229492
2900,6.288354873657227
5613,10.681790351867676
6225,4.952436447143555
9519,-3.7266478538513184
5648,17.038911819458008
9560,23.42168426513672
8281,6.874783039093018
1636,49.39777755737305
6807,4.594058990478516
6547,18.97435188293457
6178,-7.614850997924805
5987,179.1405792236328
2117,12.286595344543457
1113,-8.374859809875488
1437,-9.645256042480469
9750,81.72281646728516
8062,20.892242431640625
8433,23.20925521850586
7604,5.644292831420898
8712,4288.9775390625
5073,48.70274353027344
5331,-7.614850997924805
8393,-7.614850997924805
7977,5.496450901031494
858,9.500908851623535
1246,-180.20526123046875
2601,5.427065372467041
2031,6.545523643493652
6615,5.065906524658203
3384,-9.706029891967773
178,4.070744514465332
1688,134.19000244140625
6989,8.252863883972168
647,41.18225860595703
4705,4.893242835998535
6210,3.80500864982605
225,27.789873123168945
7056,65.412322998046875
8709,4.925286293029785
1206,-6.905031204223633
6278,-9.535133361816406
923,332.549560546875
7032,6.700087547302246
7974,13.683338165283203
1931,-29.18196678161621
2254,10.966341018676758
6275,-4.866696834564209
7557,9.981710433959961
7389,9.455318450927734
7620,14.185977935791016
8138,371.46319580078125
1542,3.8642022609710693
794,30.003725051879883
4782,1.7523854970932007
6113,81.861480712890625
298,12.286595344543457
9493,12.286595344543457
4787,5.532486915588379
1037,32.72268295288086
1575,75.51832580566406
8119,31.892385482788086
6457,-6.905031204223633
2355,-19.664676666259766
6945,3.80500864982605
7443,9.501914978027344
2564,4.043067932128906
9682,8.252863883972168
1336,5.496450901031494
3385,325.2964782714844
8296,-44.81917953491211
9240,4.136900424957275
3753,-12.05646800994873
3089,-7.614850997924805
3888,-7.764887809753418
6472,183.67526245117188
1633,-256.13018798828125
3447,3.80500864982605
824,-12.05646800994873
1886,5.644292831420898
2457,33.73239517211914
7789,134.19000244140625
3806,-17.414142608642578
5546,-9.535443305969238
2605,20.722984313964844
5870,20.438077926635742
3952,34.255943298339844
9413,32.88496017456055
4362,-185.48532104492188
4324,-95.11991882324219
4609,5.496450901031494
1528,123.45955657958984
9463,24.6769962310791
3648,-123.17826843261719
9227,6.968038082122803
5494,7.332603454589844
7084,196.1717071533203
1743,-54.65583801269531
3571,-1496.2322998046875
6102,6.4475836753845215
9032,-13.049930572509766
45,12.34578800201416
5766,-29.774539947509766
2128,-17.442012786865234
2701,123.87419891357422
7502,3.80500864982605
2908,5.033756732940674
9241,61.55424499511719
4617,5.644292831420898
5576,3.80500864982605
8621,6.288354873657227
4447,5.964089870452881
8084,-0.4871237874031067
3885,12.286595344543457
961,7.065436840057373
4918,6.87544059753418
100,3.80500864982605
8476,11.427062034606934
2508,-9.706029891967773
6829,48.8713493347168
6634,-9.190756797790527
7579,1302.159423828125
1084,5.964089870452881
1438,-9.706029891967773
1173,1.7523854970932007
3642,3.80500864982605
2126,2.8250296115875244
6782,-122.4592056274414
9426,12.874246597290039
1250,15.337645530700684
2359,3.80500864982605
4456,63.288883209228516
9101,6.966824531555176
9951,171.39012145996094
2633,84.85285949707031
3309,38.42723083496094
4005,-134.55999755859375
9421,54.82288360595703
7829,-8.935400009155273
5166,9.500908851623535
4588,3.80500864982605
5348,-38.12825012207031
3256,32.39142990112305
4320,1277.7552490234375
2675,3.870404005050659
5277,6.673911094665527
2409,3.80500864982605
8145,47.79084396362305
2479,6.432015895843506
5887,-69.02043151855469
3720,6.595559120178223
1955,26.645767211914063
2971,7.065436840057373
4226,-3.072844982147217
6809,11.30748462677002
945,20.509382247924805
5800,12.662764549255371
8074,6.4475836753845215
3699,8.460092544555664
1649,3.8642022609710693
3279,-12.851411819458008
9530,-0.6966990232467651
7520,3.80500864982605
9843,-2.918776273727417
2475,7.17953634262085
3236,5.427065372467041
7109,-54.63806915283203
188,44.08428192138672
6541,23.42894744873047
125,5.644292831420898
438,13.296528816223145
4691,3.80500864982605
7136,6.432015895843506
1731,-20.47117805480957
1321,15.564682006835938
2344,7.059084415435791
3456,13.296528816223145
7260,26.21331787109375
655,9.830171585083008
5718,-121.36397552490234
3922,9.290630340576172
1050,4.704497337341309
4162,6.5112762451171875
2777,8.243985176086426
1741,123.45955657958984
2597,-122.4592056274414
3892,-54.63806915283203
6781,-254.637939453125
6438,18.980060577392578
1723,-26.18614387512207
9623,10.820362091064453
1382,3.8642022609710693
8956,22.854372024536133
4885,265.7198486328125
6821,19.519559860229492
4317,52.406517028808594
8128,-96.36444091796875
2463,-4.980166912078857
7241,15.697000503540039
7629,134.83433532714844
6830,5.964089870452881
5520,16.685489654541016
9942,16.038143157958984
3302,5.964089870452881
5154,8.864022254943848
4286,3.80500864982605
2389,17.229639053344727
8661,354.3623046875
8606,-152.8896484375
9521,9.131856918334961
4923,6.996107578277588
2786,-44.70914077758789
5060,-591.398681640625
321,-341.3406066894531
9321,-4.866696834564209
4662,9.500908851623535
1711,3.80500864982605
8216,19.888608932495117
1185,32.90856170654297
2672,65.6988525390625
6104,59.54094696044922
4319,-9.535133361816406
7227,15.823634147644043
503,10.513927459716797
5804,30.302831649780273
8022,-108.29308319091797
2015,3.80500864982605
65,5.964089870452881
7419,3.9776723384857178
6471,10.591647148132324
4210,2.8250296115875244
4861,3.80500864982605
9018,-3.1564698219299316
3000,15.175233840942383
1032,42.82834243774414
5942,12.34578800201416
5172,81.56194305419922
4063,-12.05646800994873
2555,7.192931652069092
4089,263.1784362792969
8813,20.42506980895996
7070,-6.905031204223633
4191,23.719812393188477
7249,12.077370643615723
8601,8.233829498291016
1396,13.296528816223145
1328,-9.780187606811523
1868,9.197251319885254
5891,6.418203830718994
2970,8.051948547363281
5344,4.070744514465332
33,3.80500864982605
4267,41.75000762939453
5559,44.73310852050781
6518,9.427276611328125
4247,350.4579772949219
8304,-37.620208740234375
5084,22.967731475830078
2893,10.58035659790039
4667,-69.02043151855469
1742,3.8642022609710693
4087,5.287783145904541
8871,16.56871223449707
1802,6.91457462310791
5278,11.332056999206543
4300,46.138221740722656
3024,6.5839667320251465
7396,5.496450901031494
1813,6.5112762451171875
2994,-12.05646800994873
2807,12.662764549255371
4240,-69.02043151855469
3197,-7.614850997924805
2708,-44.70914077758789
2958,2.8257088661193848
8032,18.774269104003906
5587,3.80500864982605
2219,16.72713279724121
3580,5.457814693450928
7159,12.286595344543457
430,-49.01697540283203
1074,-590.48541259765625
8277,9.461119651794434
955,-50.43399429321289
3037,3.80500864982605
8951,19.519559860229492
4640,-19.774797439575195
8636,7.332603454589844
2619,5.644292831420898
6094,26.711162567138672
2488,32.72268295288086
4108,6.397305965423584
3873,-9.425320625305176
3092,3.9642372131347656
4062,9.79283332824707
3519,-6.905031204223633
6793,5.084514141082764
7711,22.016077041625977
815,-69.02043151855469
1959,-19.664676666259766
7132,62.0625
8489,104.14965057373047
1646,32.542022705078125
3940,-0.33262160420417786
3630,47.093265533447266
7909,7.17953634262085
7923,-275.38580322265625
4573,19.36292266845703
74,-244.57022094726563
6937,35.570613861083984
5127,111.89025115966797
8584,5.033756732940674
3238,6.996107578277588
7174,86.00740814208984
5592,3.9776723384857178
7284,12.952193260192871
9966,-311.1339111328125
7759,-3.667454481124878
2164,-68.970794677734375
2500,17.004901885986328
2101,-9.780187606811523
2788,-48.850830078125
4526,-537.1153564453125
2897,6.331037521362305
7779,7.694028854370117
9179,6.123318672180176
4243,28.410646438598633
8745,-2.7570760250091553
3113,20.578536987304688
6334,47.46586990356445
2843,25.999982833862305
6959,1.7523854970932007
6249,13.51305103302002
9989,7.376589298248291
1908,3.8642022609710693
2989,372.8858947753906
1677,10.415608406066895
3214,3.9642372131347656
9604,32.36504364013672
5334,9.814436912536621
5286,5.287783145904541
2335,-15.960500717163086
4212,5.1589789390563965
2480,17.014753341674805
9526,10.513927459716797
4004,13.756719589233398
2073,43.449119567871094
4129,3.80500864982605
857,55.57175064086914
2720,161.76173400878906
6803,32.198951721191406
9853,221.07032775878906
8498,17.038911819458008
4440,7.130832195281982
8388,11.37907886505127
7764,-9.986833572387695
6468,53.160152435302734
1331,-7.651886463165283
147,-2.6677517890930176
4296,-4.073329448699951
3117,-72.04735565185547
5325,4.3562164306640625
1607,17.004901885986328
783,3.80500864982605
4327,3.9776723384857178
779,33.542293548583984
6700,22.798307418823242
5955,-246.53944396972656
128,-4.500758171081543
40,-160.359375
5291,27.789873123168945
3584,9.506002426147461
4399,24.01902961730957
323,-398.02862548828125
5393,17.104307174682617
2863,-43.21701431274414
3223,14.249409675598145
2632,-232.92247009277344
3900,4.070744514465332
9060,38.98095703125
2640,59.54094696044922
6059,4.134268283843994
9914,6.91457462310791
7793,20.11055564880371
3034,-3.8667852878570557
8040,3.9776723384857178
1044,-40.720489501953125
9054,5.496450901031494
7313,-2.6145846843719482
487,17.992359161376953
5737,21.863550186157227
5188,27.03999900817871
7005,161.82447814941406
6740,4.893242835998535
8627,26.763826370239258
6495,3.80500864982605
7931,25.428905487060547
9312,12.573650360107422
6446,17.05453872680664
3646,16.56871223449707
3212,-2.918776273727417
1992,13.296528816223145
3785,75.13545989990234
9504,4.704497337341309
5454,5.644292831420898
5037,476.3044128417969
484,22.64198112487793
9324,5.644292831420898
9897,-9.535133361816406
9326,9.254243850708008
7372,7.4791131019592285
6688,13.756719589233398
272,5.427065372467041
6,-7.614850997924805
7526,6.397305965423584
1108,5.427065372467041
5298,9.500908851623535
6826,17.05453872680664
5504,42.7498779296875
2988,3.80500864982605
911,11.190328598022461
2805,5.341517448425293
1159,10.892087936401367
905,-242.0592498779297
8007,4.893242835998535
4902,-6.082869052886963
4552,3.80500864982605
4925,30.302831649780273
4989,12.662764549255371
6236,4.136900424957275
267,-68.970794677734375
1056,-2.448573589324951
1462,-9.535133361816406
1798,3.80500864982605
9393,6.1064629554748535
6589,4.863725185394287
7850,4.070744514465332
3854,9.500908851623535
3102,-26.18614387512207
2547,4.306931972503662
6343,7.4791131019592285
5557,141.55413818359375
90,237.94151306152344
4358,6.585247039794922
8078,35.93095016479492
3822,11.176833152770996
4239,-1620.7822265625
5814,112.95866394042969
483,50.6992301940918
3006,12.286595344543457
6088,4.925286293029785
2637,3.911465644836426
4855,-6.905031204223633
1182,-3.8090057373046875
6081,8.320307731628418
4179,-269.8554992675781
5082,-2.3287875652313232
2976,16.038143157958984
7899,4.893242835998535
8748,13.296528816223145
7364,7.4791131019592285
8517,3.8642022609710693
7984,45.854705810546875
1379,5.635107517242432
8520,8.243985176086426
2476,9.396378517150879
436,8.252863883972168
1216,-9.535133361816406
4366,-35.65683364868164
8630,59.54094696044922
1644,3.80500864982605
5155,21.863550186157227
5884,-2.7346620559692383
9991,5.792731285095215
8088,389.3107604980469
9293,27.90886878967285
4100,12.101688385009766
8464,-37.620208740234375
8125,-87.94144439697266
8083,12.395720481872559
6926,42.90818786621094
9510,4.193461894989014
9013,5.964089870452881
5347,3.9642372131347656
4480,13.111791610717773
2374,6.646215438842773
2791,-9.706029891967773
4287,3.8642022609710693
2272,5.964089870452881
6619,33.911712646484375
349,-792.4423828125
9806,-322.029052734375
3289,10.513927459716797
1737,45.405941009521484
1242,15.257377624511719
4439,67.31999206542969
7441,9.131856918334961
9418,21.94367218017578
7445,10.513927459716797
2505,-68.817047119140625
5400,-12.05646800994873
7777,107.3311996459961
8306,-650.12261962890625
1879,12.286595344543457
7962,3.80500864982605
7140,-9.780187606811523
6208,22.47785758972168
5096,-272.3145751953125
9494,8.864022254943848
5653,12.952193260192871
9152,5.964089870452881
5008,-17.442012786865234
3727,-31.389955520629883
6262,3.8642022609710693
2133,20.399690628051758
6600,24.586528778076172
7975,86.02290344238281
5643,-21.47723388671875
3040,9.131856918334961
2345,38.98095703125
731,17.05453872680664
6669,9.749262809753418
2135,-0.4871237874031067
3524,25.67072296142578
919,-12.05646800994873
9422,0.6610498428344727
9120,14.726664543151855
5192,-8.935400009155273
3085,10.979591369628906
1221,-7.778024673461914
2931,8.419358253479004
8611,75.2590560913086
3858,3.80500864982605
8740,7.192931652069092
6048,45.92692184448242
9417,59.765140533447266
2485,-122.1953353881836
4105,-26.18614387512207
2329,19.262348175048828
7581,5.644292831420898
8210,-122.16435241699219
2410,-7.764887809753418
1714,-13.505581855773926
3550,24.498050689697266
6850,13.26266860961914
7860,206.0150604248047
4811,10.58035659790039
3653,12.286595344543457
5727,-64.94456481933594
2840,108.296875
9698,3.9776723384857178
3357,13.080761909484863
7437,5.287783145904541
5341,13.561050415039063
506,96.056488037109375
207,-13.523348808288574
8283,-34.44771194458008
2883,29.509614944458008
7757,7.17953634262085
1858,-7.614850997924805
2784,35.93095016479492
5683,36.635623931884766
8526,-123.17826843261719
7221,5.992992877960205
1496,9.53680419921875
5469,7.626293659210205
199,-3.0036752223968506
9607,35.74338150024414
2535,-4.461781978607178
8021,17.038911819458008
3407,1185.1427001953125
9207,-17.442012786865234
7039,17.945255279541016
9662,2.090390920639038
4014,-122.16435241699219
8854,18.50157928466797
2524,26.36903190612793
9419,6.700087547302246
1745,14.249409675598145
6626,9.290630340576172
7339,-9.345101356506348
7020,34.29418182373047
4,6.5839667320251465
3165,-2.827160596847534
5773,1.7523854970932007
4254,8.252863883972168
3088,63.407875061035156
5812,-128.00613403320313
6677,-9.255464553833008
8254,5.427065372467041
4520,281.65087890625
3850,-29.629472732543945
9884,-117.27649688720703
2501,-19.664676666259766
1829,901.46868896484375
152,25.666818618774414
1156,81.2980728149414
4812,3.834183931350708
6583,16.038143157958984
9272,11.22135066986084
8238,-164.81961059570313
2647,3.9776723384857178
7648,62.85643005371094
8264,17.004901885986328
6948,3.80500864982605
191,-266.2882080078125
5639,8.460092544555664
1175,-9.443087577819824
6469,7.4791131019592285
947,4.704497337341309
3441,6.288354873657227
6491,39.363800048828125
9004,5.287783145904541
5789,3.8642022609710693
3070,6.5839667320251465
9924,33.911338806152344
5058,12.68785572052002
2011,25.168014526367188
6769,5.597486972808838
3253,4.515444278717041
6151,4.193461894989014
7455,24.586528778076172
1556,11.809197425842285
3640,-3.7266478538513184
5190,-4.980166912078857
8219,-9.780187606811523
3170,38.36961364746094
9237,-132.8994903564453
3445,10.84370231628418
9474,9.086133003234863
2677,-6.905031204223633
1176,137.3982696533203
1482,5.1285552978515625
9953,48.14351272583008
3781,9.981710433959961
7888,33.911712646484375
1563,3.80500864982605
3963,11.349202156066895
2823,6.91457462310791
5513,-3.5539844036102295
1915,20.399690628051758
426,-9.723796844482422
2182,-122.16435241699219
5448,-29.18196678161621
7060,3.80500864982605
5949,-9.706029891967773
8419,22.312721252441406
8622,3.80500864982605
5688,10.892087936401367
7424,12.286595344543457
5099,-7.614850997924805
3010,217.67005920410156
4370,28.91216278076172
1015,-6.905031204223633
4376,28.410646438598633
4733,-128.00613403320313
291,-4.402588367462158
9034,28.043636322021484
7603,3.80500864982605
2731,20.42506980895996
2184,5.496450901031494
5116,6.216789245605469
5905,4.347553253173828
9021,7.17953634262085
9537,6.545523643493652
3707,22.157020568847656
9554,-19.664676666259766
4359,3.8642022609710693
37,-7.614850997924805
2414,7.192931652069092
6605,65.948516845703125
3466,-68.970794677734375
2446,6.5839667320251465
7651,17.657115936279297
385,34.030330657958984
3303,-9.706029891967773
6620,70.99408721923828
4124,-3.1564698219299316
4420,81.0816421508789
4610,5.065906524658203
7038,40.85301208496094
9378,6.700087547302246
175,14.74326229095459
6696,3.80500864982605
2588,12.666722297668457
8684,18.893264770507813
3480,133.91986083984375
4387,3.9776723384857178
2298,-1.9991728067398071
311,2.1580398082733154
9310,5.341517448425293
1938,8.232522010803223
4547,-4.866696834564209
8864,-44.303470611572266
6115,3.80500864982605
8154,4.134268283843994
734,-7.614850997924805
5308,59.554744720458984
5151,2.090390920639038
1841,12.286595344543457
9031,17.038911819458008
7173,34.255943298339844
4742,-5.42591667175293
9318,-37.620208740234375
1776,723.63336181640625
856,30.302831649780273
2257,-1.5618265867233276
9772,-4.289271831512451
7540,0.8907421827316284
4652,5.427065372467041
8081,5.644292831420898
7250,-51.99360656738281
4621,-12.05646800994873
6960,-4.500758171081543
9242,13.296528816223145
1454,27.887453079223633
9513,-7.614850997924805
8024,-808.25469970703125
7457,7.4791131019592285
5749,5.076301097869873
5071,3.8642022609710693
3452,5.496450901031494
2763,48.69406509399414
2842,4.925286293029785
9839,65.78137969970703
6932,4.704497337341309
4951,-22.430667877197266
1423,44.08428192138672
755,84.474395751953125
2761,27.014816284179688
5968,3.80500864982605
1326,-341.3406066894531
8953,266.7236633300781
1181,-57.58852767944336
7326,30.397478103637695
2658,5.644292831420898
4099,66.499969482421875
3604,34.5321159362793
6476,4.193461894989014
6084,12.826323509216309
3416,4.347553253173828
3645,-8.374859809875488
2717,32.36504364013672
4990,-9.797954559326172
6673,6.5839667320251465
5545,17.01296615600586
1468,13.44302749633789
8059,115.09996795654297
996,22.148597717285156
6459,6.545523643493652
8809,34.255943298339844
6205,-123.06493377685547
243,34.10689163208008
2059,50.637168884277344
4748,12.573650360107422
1811,-2.6145846843719482
9934,5.496450901031494
8960,-9.425320625305176
4884,5.395165920257568
1337,892.801025390625
4892,6.181572437286377
9740,-119.45264434814453
335,-4.980166912078857
6516,63.41281509399414
5907,-381.0347900390625
2220,5.964089870452881
8250,3.80500864982605
9540,26.582366943359375
9341,-33.4720573425293
2354,80.1318588256836
8484,3.80500864982605
595,3.80500864982605
2180,4.9170732498168945
5036,15.7352876663208
5703,-29.459482192993164
1929,5.964089870452881
2571,27.789873123168945
864,3.80500864982605
7074,9.830171585083008
4968,22.854372024536133
2698,5.287783145904541
1625,21.686813354492188
2236,-30.605138778686523
5777,-178.18162536621094
7587,390.0059814453125
222,6.700087547302246
7219,40.85301208496094
5808,22.312721252441406
3470,34.085533142089844
1954,30.70558738708496
6051,10.513927459716797
3671,5.496450901031494
1316,6.591244697570801
6567,-2.941983222961426
6603,-17.442012786865234
5780,28.043636322021484
7234,21.77135467529297
8557,35.56190490722656
5026,-8.374859809875488
5733,323.1939697265625
5690,33.911338806152344
2789,-0.4707571566104889
4188,-119.18433380126953
1774,4.023430347442627
3248,-1062.0355224609375
1932,27.03999900817871
1433,12.68785572052002
4392,-203.0878448486328
3005,3.8642022609710693
1022,16.027393341064453
3168,11.747711181640625
6544,11.809197425842285
2703,-4.866696834564209
2915,6.874783039093018
6683,3.80500864982605
9817,83.43547821044922
5502,6.1064629554748535
4768,4.996041774749756
841,-28.38264274597168
5769,-119.26791381835938
4437,4.893242835998535
1073,32.279476165771484
3121,5.496450901031494
9900,-3.5539844036102295
3362,73.17491149902344
3965,-9.345101356506348
1548,7.4791131019592285
6002,10.966341018676758
9524,-9.723796844482422
7693,6.576671600341797
7337,-9.797954559326172
2339,5.076301097869873
6254,8.280933380126953
5028,9.140451431274414
851,13.111791610717773
5039,112.84693908691406
9346,9.131856918334961
9181,-277.4951477050781
2923,26.039772033691406
9088,9.981710433959961
5161,4.952436447143555
8174,9.566303253173828
6367,-4.279685020446777
8478,-6.905031204223633
1783,21.686813354492188
3094,3.80500864982605
3603,12.826323509216309
1555,-40.850181579589844
832,7.661862850189209
2664,-13.505581855773926
3477,26.763826370239258
4272,44.08428192138672
3914,0.6959779262542725
8880,13.842313766479492
3297,30.964008331298828
2435,6.4475836753845215
1815,33.542293548583984
8033,-6.082869052886963
8328,28.17273712158203
4405,36.701019287109375
94,16.72713279724121
121,13.37272834777832
915,-9.345101356506348
2160,74.34356689453125
807,-9.780187606811523
733,7.192931652069092
9899,13.090845108032227
1207,11.427062034606934
9771,35.56190490722656
246,5.287783145904541
5321,58.126590728759766
3210,-7.614850997924805
2873,5.644292831420898
9266,10.926230430603027
4246,-2.941983222961426
6733,81.36380767822266
6584,7.868799209594727
1167,-8.935400009155273
8487,32.542022705078125
4669,4.9170732498168945
7761,-7.614850997924805
2924,1.4969236850738525
2860,63.67172622680664
5221,-96.49381256103516
6345,494.6790466308594
5497,4.070744514465332
1700,-120.58241271972656
3717,516.31494140625
7898,356.4676818847656
1823,13.37272834777832
1385,55.82650375366211
2326,-7.614850997924805
5511,32.36504364013672
7936,5.992992877960205
8673,9.140451431274414
3945,-3.9325649738311768
5410,-9.723796844482422
6917,-41.18473815917969
6355,-329.3352966308594
4854,3.80500864982605
9432,4.775249481201172
8191,4.893242835998535
5845,-322.029052734375
8846,-9.706029891967773
1788,28.793167114257813
2323,13.665580749511719
936,3.80500864982605
978,-263.91693115234375
8344,-9.706029891967773
9598,3.870404005050659
6194,5.496450901031494
387,5.427065372467041
9290,-54.65583801269531
3802,25.622901916503906
4687,-29.774539947509766
7126,5.964089870452881
6323,432.79681396484375
1209,4.3562164306640625
8768,-187.72726440429688
8036,32.73751449584961
7246,4.704497337341309
6801,102.04047393798828
5999,19.519559860229492
5776,76.11573028564453
5916,12.34578800201416
1418,-36.59539031982422
57,5.24633264541626
3880,5.24633264541626
3075,14.019908905029297
1202,3.80500864982605
6136,94.84783935546875
2794,72.56720733642578
5819,5.496450901031494
3140,-3.1754417419433594
8230,5.427065372467041
4491,16.691564559936523
8987,-2.918776273727417
4677,-26.18614387512207
1399,35.56190490722656
585,-12.05646800994873
8575,5.585099220275879
6024,-2.70710825920105
6906,14.249409675598145
7243,5.964089870452881
6775,7.065436840057373
7423,1.7523854970932007
3930,-4.980166912078857
2151,34.255943298339844
6545,-30.605138778686523
2540,6.396432876586914
8852,190.615478515625
3285,12.286595344543457
8402,16.027393341064453
6365,39.684295654296875
3150,3.80500864982605
826,141.90171813964844
9879,88.1375503540039
7327,4.134268283843994
2942,101.87615966796875
7383,-17.394798278808594
6971,34.29418182373047
1223,5.964089870452881
9174,12.940279960632324
4415,-122.093505859375
3538,18.03997802734375
8802,11.557047843933105
6736,4.023430347442627
449,4.925286293029785
1463,45.28660202026367
3736,6.418203830718994
9440,27.86608123779297
3103,12.077370643615723
7261,19.902420043945313
5176,35.570613861083984
6798,11.248414993286133
7915,13.756719589233398
1286,2.4760146141052246
2268,70.98912048339844
7458,26.570127487182617
7155,-246.3419189453125
1071,-7.764887809753418
7110,16.685489654541016
7534,4.21470832824707
9842,113.3415298461914
941,20.443639755249023
3082,13.476310729980469
2719,-9.535133361816406
7468,10.251523971557617
1107,-38.59587097167969
9140,7.061767101287842
5456,63.158203125
596,-96.3836898803711
9726,-134.8580322265625
9080,22.272932052612305
949,3.8642022609710693
1234,6.013520240783691
6964,3.80500864982605
5627,-49.74846649169922
1520,23.42168426513672
8914,22.983932495117188
1978,16.578418731689453
4766,45.1814079284668
7544,4.704497337341309
4223,8.196224212646484
5013,35.3669319152832
3689,58.02812194824219
8681,4.347553253173828
5022,27.330278396606445
2046,5.457814693450928
1489,5.644292831420898
6320,3.8642022609710693
6213,-26.18614387512207
6408,12.286595344543457
1388,9.131856918334961
6835,73.17491149902344
5731,-300.1959228515625
9552,44.08428192138672
1669,35.783180236816406
4619,112.5745849609375
1456,38.39962387084961
4081,5.964089870452881
8941,22.157020568847656
3141,5.496450901031494
1645,3.8642022609710693
7633,81.54405212402344
6413,-6.905031204223633
854,-42.953163146972656
7504,23.42168426513672
9311,-9.425320625305176
2820,-42.135799407958984
132,45.405941009521484
7472,10.979591369628906
2506,44.08428192138672
9445,3.8642022609710693
2901,5.496450901031494
2662,12.479939460754395
6206,42.169593811035156
3073,-9.535133361816406
7069,24.915788650512695
7855,4.193461894989014
1678,16.56871223449707
2129,22.592199325561523
5476,5.964089870452881
6038,15.454679489135742
1882,150.6297149658203
3467,-2.7564072608947754
5674,87.48149871826172
3389,4.193461894989014
4065,1.1888844966888428
6394,-82.150054931640625
4773,5.691714763641357
7819,-9.535443305969238
2828,133.91986083984375
9015,5.644292831420898
7729,8.013051986694336
1621,74.06074523925781
2997,100.9732894897461
6350,13.44302749633789
7512,23.63616943359375
4810,44.91755676269531
6741,-9.345101356506348
6288,-12.98559856414795
1779,10.58035659790039
127,7.7168498039245605
6330,4.21470832824707
7863,10.679476737976074
1750,-9.535133361816406
4318,13.185730934143066
6941,9.500908851623535
497,-29.459482192993164
9717,12.286595344543457
9845,-9.055264472961426
56,18.980060577392578
3594,12.172826766967773
9866,-280.77655029296875
3974,-4.866696834564209
8674,51.901588439941406
5782,16.685489654541016
8430,35.808380126953125
9416,3.8642022609710693
2700,3.80500864982605
5762,24.348451614379883
6303,27.196290969848633
7251,4.023430347442627
366,-64.59919738769531
6654,5.964089870452881
6999,13.665580749511719
345,14.341201782226563
66,50.47593307495117
8178,153.43075561523438
3366,-6.082869052886963
8072,5.1285552978515625
1485,6.79674768447876
1952,66.38097381591797
8167,9.566303253173828
3472,5.964089870452881
9986,25.3793888092041
7814,12.952193260192871
5840,4.306931972503662
5422,-4.980166912078857
4784,-9.706029891967773
6629,11.690345764160156
6833,12.35198974609375
3983,-4.289271831512451
6417,14.53208065032959
3668,8.419358253479004
7037,5.496450901031494
9160,8.864022254943848
5722,96.59391784667969
632,16.315399169921875
6517,-13.455803871154785
9898,81.72281646728516
9495,-9.706029891967773
5918,17.38380241394043
5105,9.993403434753418
4653,13.683338165283203
3300,-9.345101356506348
6201,16.027393341064453
549,514.1026611328125
8551,-117.27649688720703
7948,-30.605138778686523
660,7.626293659210205
4853,3.80500864982605
2538,-6.905031204223633
4277,-2.1779024600982666
7841,-41.914615631103516
8013,-26.18614387512207
7097,5.964089870452881
190,24.792394638061523
3076,-9.645256042480469
9453,83.43547821044922
5585,12.826323509216309
9948,14.016845703125
3408,17.05453872680664
7562,88.79911041259766
4406,27.080211639404297
800,5.863483428955078
3410,-9.345101356506348
4980,-13.505581855773926
1343,5.496450901031494
8164,3.9642372131347656
5702,5.532486915588379
6602,123.45955657958984
4413,70.344390869140625
8843,6.331037521362305
1585,5.457814693450928
5837,-21.73867416381836
7839,100.56251525878906
1911,9.23714828491211
8475,-9.706029891967773
2516,12.286595344543457
1338,4.347553253173828
4354,5.427065372467041
6611,-9.45522403717041
5213,-9.345101356506348
3813,-413.52423095703125
8450,44.015953063964844
6597,5.496450901031494
2822,4.023430347442627
8554,5.496450901031494
9874,3.80500864982605
7133,3.870404005050659
2330,-19.664676666259766
2139,-3.8090670108795166
6806,15.027275085449219
1053,-123.17826843261719
5211,14.891033172607422
1672,5.992992877960205
5479,-12.05646800994873
5171,4.3562164306640625
1062,1.4258078336715698
4870,49.96205139160156
825,-38.59587097167969
5306,61.77263259887695
374,18.980060577392578
6788,4.023430347442627
9492,-0.6966990232467651
5928,5.496450901031494
8688,133.91986083984375
4828,10.513927459716797
7516,17.038911819458008
4225,22.209339141845703
5236,121.52603149414063
2051,7.868799209594727
9723,9.455318450927734
35,6.418203830718994
9139,6.5839667320251465
8930,27.948200225830078
7355,31.127674102783203
9201,3.929597854614258
1329,-693.28729248046875
9502,17.992359161376953
553,-4.289271831512451
9895,-122.16435241699219
9180,3.911465644836426
122,21.111066818237305
2377,-117.27649688720703
5835,-12.05646800994873
1278,5.964089870452881
8553,13.890313148498535
7564,12.68785572052002
9323,-187.72726440429688
5005,4.136900424957275
5866,67.48616790771484
6082,-41.6370964050293
7183,-49.74846649169922
3773,3.8642022609710693
7964,-50.43399429321289
7918,45.854705810546875
8308,14.53126335144043
154,5.79433536529541
228,46.92585754394531
5831,3.80500864982605
1916,5.427065372467041
2200,-29.101730346679688
2498,25.54134750366211
5263,3.248352527618408
8027,-114.88545227050781
9765,3.80500864982605
3552,54.82288360595703
6994,2.8250296115875244
136,16.410249710083008
7287,-259.16168212890625
2434,-4.289271831512451
6070,5.992992877960205
928,6.331037521362305
44,4.3562164306640625
9119,192.2582550048828
9178,-94.33978271484375
1907,4.347553253173828
9677,27.378185272216797
2063,35.41413497924805
514,5.964089870452881
458,-7.614850997924805
6318,13.994843482971191
1579,24.586528778076172
3252,3.80500864982605
7736,81.72281646728516
7051,-68.970794677734375
7045,72.08636474609375
9968,3.80500864982605
6377,-9.345101356506348
4964,4.845197677612305
4948,-7.614850997924805
1658,34.5321159362793
8863,0.5112462043762207
3406,36.260196685791016
5445,-224.86456298828125
7103,743.39306640625
5940,3.80500864982605
5376,14.249409675598145
8003,-273.3528137207031
6645,9.500908851623535
5168,3.911465644836426
7447,13.665580749511719
8352,6.551009654998779
5515,-2.7564072608947754
1964,12.874246597290039
510,3.80500864982605
3230,3.294487237930298
5493,34.201416015625
6409,3.5703186988830566
6679,5.964089870452881
4360,-167.2205810546875
4214,18.32697868347168
9666,-4.500758171081543
633,5.496450901031494
4006,-159.57183837890625
9569,4.134268283843994
2503,1.7523854970932007
2201,5.964089870452881
5126,-4.667706489562988
9646,-9.345101356506348
6047,10.58035659790039
1440,32.78807830810547
680,34.708465576171875
5478,13.756719589233398
9115,22.94801139831543
320,-7.614850997924805
347,35.783180236816406
2420,9.396378517150879
8368,477.0936584472656
9360,99.27586364746094
4829,4.134268283843994
7611,-9.190756797790527
8177,48.8713493347168
3435,-94.33978271484375
4598,4.347553253173828
4843,38.097984313964844
9753,2.014025926589966
6943,7.919349670410156
1587,-5.254082202911377
3290,6.5839667320251465
8966,-9.345101356506348
1664,26.570127487182617
6189,30.964008331298828
1970,-71.777679443359375
4273,-110.09789276123047
7958,5.992992877960205
8889,-43.0755615234375
9841,149.70582580566406
1507,-4.289271831512451
9649,5.427065372467041
721,-7.614850997924805
4430,24.127260208129883
6376,-8.926200866699219
8358,12.9740629196167
1400,-21.630979537963867
1767,1.7523854970932007
1771,-6.905031204223633
7838,5.644292831420898
4177,31.30585289001465
6638,13.842313766479492
91,5.644292831420898
3333,-36.721012115478516
3393,-9.645256042480469
7035,13.260769844055176
6963,17.992359161376953
8350,2.014025926589966
289,23.20925521850586
5969,7.863674640655518
628,-247.13766479492188
2019,-9.425320625305176
7752,-19.774797439575195
7368,5.635107517242432
4995,48.8713493347168
4023,216.76036071777344
6012,-263.0147705078125
6181,12.300585746765137
715,-47.51176071166992
7335,-7.764887809753418
9612,-41.6370964050293
5016,22.854372024536133
3786,1771.24560546875
8746,6.576671600341797
386,31.99599266052246
4297,98.2004623413086
2052,-55.01181411743164
8038,11.427062034606934
7075,26.763826370239258
3627,-102.4130859375
8902,5.1285552978515625
2227,10.794821739196777
4574,5.496450901031494
1092,141.90171813964844
4152,3.80500864982605
6432,-10.669815063476563
5055,-4.289271831512451
109,21.318965911865234
516,10.251523971557617
7691,6.996107578277588
2482,4.893242835998535
7065,3.8642022609710693
8415,-68.970794677734375
4017,267.35662841796875
2246,3.80500864982605
6344,-31.389955520629883
9452,-9.780187606811523
5319,8.578587532043457
8346,9.140451431274414
9358,13.459288597106934
9943,10.41075325012207
7150,-21.73867416381836
6762,-0.15786336362361908
7640,5.964089870452881
7480,72.30333709716797
1488,-68.970794677734375
5294,6.91457462310791
1608,42.52534484863281
5699,-9.797954559326172
2885,3.3887181282043457
3459,12.286595344543457
6810,5.96960973739624
9202,17.05453872680664
3310,9.131856918334961
2392,-50.43399429321289
9876,-40.90538787841797
5558,32.74442672729492
3700,17.657115936279297
5568,25.233409881591797
3657,5.287783145904541
7800,-0.6966990232467651
6618,-12.05646800994873
6988,44.08428192138672
3418,146.79312133789063
2452,-9.780187606811523
4531,13.354758262634277
4758,10.58035659790039
9941,-38.442142486572266
6763,13.665580749511719
2824,21.885334014892578
3087,3.80500864982605
4374,8.252863883972168
3015,13.44302749633789
5391,3.8642022609710693
7178,-189.0975341796875
3840,3.8642022609710693
7653,7.413717746734619
2037,-4.866696834564209
7989,6.432015895843506
9975,-108.29308319091797
7806,22.702865600585938
8834,15.828550338745117
8993,66.87042999267578
4264,-1.2161579132080078
3754,8.252863883972168
8999,119.2563705444336
6784,8.842876434326172
703,124.93987274169922
5644,13.296528816223145
5671,2.8250296115875244
775,8.419358253479004
7311,3.8642022609710693
3237,15.697000503540039
7168,42.82834243774414
2815,15.175233840942383
8184,-6.905031204223633
6165,5.964089870452881
1464,16.027393341064453
405,228.49371337890625
7017,9.131856918334961
6841,5.992992877960205
6690,-244.57022094726563
791,5.427065372467041
8423,5.964089870452881
2278,75.56134033203125
1259,-19.664676666259766
5818,5.992992877960205
1801,3.80500864982605
5085,44.124881744384766
2387,-117.27649688720703
5608,1.7523854970932007
319,-54.63806915283203
3367,19.888608932495117
1309,3.80500864982605
3233,-54.63806915283203
7025,-4.866696834564209
4972,44.73310852050781
7722,10.966341018676758
8765,-9.345101356506348
7937,-12.57972526550293
8542,-12.05646800994873
4187,-9.535133361816406
9923,-61.04706573486328
7001,22.64198112487793
6163,12.34578800201416
9645,63.288883209228516
2961,-68.970794677734375
6822,12.34578800201416
3272,17.05453872680664
6149,-40.850181579589844
5199,6.700087547302246
7153,33.31371307373047
2341,41.18225860595703
8995,3.80500864982605
6299,23.817426681518555
3909,-300.5649719238281
2624,-26.203908920288086
4198,15.520801544189453
13,5.496450901031494
2651,13.724532127380371
796,-4.980166912078857
913,6.541686058044434
9252,4.9170732498168945
1778,3.9642372131347656
8405,24.01902961730957
9470,16.146385192871094
5359,3.80500864982605
9889,-14.701545715332031
740,13.51305103302002
5180,3.80500864982605
3465,-44.14832305908203
3332,45.22120666503906
5083,25.666818618774414
8700,-7.614850997924805
1045,9.14758586883545
2453,-4.289271831512451
9036,5.427065372467041
4515,-0.4135550558567047
7342,12.286595344543457
5439,13.665580749511719
8635,-95.11991882324219
4790,7.17953634262085
8937,3.80500864982605
1896,6.5839667320251465
2806,-9.535133361816406
6453,6.418203830718994
5847,5.444450378417969
3590,3.80500864982605
5853,-15.821825981140137
4786,-108.77678680419922
957,4.775249481201172
3721,-3.556082248687744
6695,12.952193260192871
7771,4.863725185394287
1926,21.94367218017578
2841,-95.11991882324219
4146,47.40800094604492
4732,99.27586364746094
8770,17.38380241394043
9805,11.557047843933105
3852,9.299680709838867
7519,-40.850181579589844
9910,5.8110456466674805
765,13.057616233825684
7170,4.952436447143555
7599,-2.4050474166870117
9053,-239.6692352294922
8132,-0.6966990232467651
1267,5.496450901031494
8853,11.30748462677002
5059,4.704497337341309
3286,-4.866696834564209
3649,9.500908851623535
2607,26.582366943359375
4851,-9.345101356506348
7872,5.964089870452881
1085,16.36772918701172
4329,35.56190490722656
3412,-54.63806915283203
5398,6.5839667320251465
5018,576.86309814453125
9471,-48.00837707519531
1141,45.405941009521484
9597,32.90856170654297
5007,1.7523854970932007
5797,27.03999900817871
1124,-38.59587097167969
9714,73.452423095703125
5813,9.500908851623535
4883,28.98409080505371
7210,7.626293659210205
7657,9.500908851623535
6451,34.339420318603516
4500,5.496450901031494
5594,88.1375503540039
7162,3.80500864982605
8181,9.157574653625488
3714,9.79283332824707
8572,46.10577392578125
7745,15.9285888671875
4140,81.54405212402344
1017,9.216673851013184
1732,-47.487937927246094
9729,136.6515655517578
5974,9.838179588317871
4730,6.1064629554748535
7614,5.964089870452881
9355,3.80500864982605
6804,23.394216537475586
839,-28.32753562927246
8974,-2.70710825920105
7628,4.893242835998535
260,32.72268295288086
6264,12.815192222595215
24,7.17953634262085
9796,102.9509048461914
8331,10.513927459716797
3747,3.9776723384857178
8037,-19.664676666259766
3319,-9.535133361816406
3288,326.2736511230469
8294,9.500908851623535
479,6.545523643493652
8312,-808.25469970703125
6681,12.61585807800293
4315,5.964089870452881
8665,-54.63806915283203
4076,-6.905031204223633
2206,136.6515655517578
1189,3.80500864982605
6423,81.72281646728516
9931,-119.9699478149414
4644,32.74442672729492
1426,-0.4135550558567047
924,3.80500864982605
1897,3.80500864982605
3446,19.888608932495117
4761,-291.6363220214844
6407,32.91677474975586
6800,-50.43399429321289
511,32.72268295288086
9424,7.192931652069092
3404,12.666722297668457
5851,21.98189353942871
8169,3.8642022609710693
4093,27.014816284179688
1188,5.532486915588379
3729,25.666818618774414
5046,80.1318588256836
4901,15.575430870056152
6542,-7.614850997924805
7924,5756.751953125
5337,2.1580398082733154
5053,4.893242835998535
3348,5.076301097869873
7122,9.566303253173828
5453,9.52331256866455
984,22.014652252197266
6148,107.18089294433594
1630,5.457814693450928
7646,3.8642022609710693
6214,33.911338806152344
8259,-1666.9080810546875
9745,190.41709899902344
1270,16.56871223449707
3797,3.80500864982605
6624,-0.4707571566104889
5232,-11.245075225830078
8648,-9.255464553833008
7878,5.644292831420898
4837,-54.63806915283203
8108,35.74338150024414
170,54.45383834838867
9664,-2.236905813217163
5169,-9.780187606811523
2040,4.775249481201172
880,122.67152404785156
7836,3.80500864982605
6068,-119.9699478149414
8544,4.306931972503662
1253,6.91457462310791
3853,10.169151306152344
3902,13.090845108032227
9919,38.36961364746094
9626,12.573650360107422
5074,10.251523971557617
6663,41.18225860595703
3098,136.2825164794922
6939,-4.980166912078857
7033,-29.150888442993164
6160,5.496450901031494
4446,253.66619873046875
6562,5.644292831420898
8780,4.704497337341309
899,6.216789245605469
8640,46.48893356323242
2812,3.80500864982605
7130,4.535137176513672
4021,-122.16435241699219
2827,5.635107517242432
6879,-26.2962646484375
9299,14.185977935791016
1899,7.868799209594727
3710,-9.190756797790527
3827,-9.780187606811523
4913,5.964089870452881
5269,11.349202156066895
4011,8.460092544555664
6142,63.158203125
9568,15.230154037475586
2249,5.644292831420898
2565,13.195375442504883
6105,-26.18614387512207
1875,-6.905031204223633
2113,9.131856918334961
2634,-12.57972526550293
5187,22.078561782836914
6150,-13.314861297607422
9215,4.925286293029785
3767,12.826323509216309
4305,-19.664676666259766
7401,-784.88568115234375
3808,-12.05646800994873
5900,-2.112506866455078
9173,-7.651886463165283
2683,13.52410888671875
5262,-117.27649688720703
8708,1.4969236850738525
6927,17.05453872680664
6844,13.665580749511719
6555,5.496450901031494
8767,16.455677032470703
4985,10.513927459716797
7788,31.62190818786621
8201,9.140451431274414
6549,0.8907421827316284
9911,6.7654829025268555
1268,48.311222076416016
500,1.7523854970932007
728,3.929597854614258
1998,18.556547164916992
767,-12.074234962463379
3676,19.888608932495117
6287,4.193461894989014
7306,6.396432876586914
2263,157.62135314941406
1421,-9.345101356506348
2595,3.80500864982605
4729,-2.6145846843719482
4298,74.812652587890625
5579,16.090017318725586
2062,-40.720489501953125
3269,3.248352527618408
4398,-7.614850997924805
1690,9.79283332824707
9965,5.964089870452881
8840,-9.345101356506348
7080,12.666722297668457
1241,44.041259765625
7009,3.80500864982605
9069,26.049678802490234
1393,4.535137176513672
8442,-19.664676666259766
3186,-287.0263366699219
8580,5.964089870452881
4386,5.964089870452881
1180,12.9740629196167
5632,50.666996002197266
692,3.3887181282043457
8764,5.496450901031494
3235,12.286595344543457
3744,-25.840898513793945
834,6.396432876586914
80,-44.98653793334961
9339,-8.374859809875488
3588,42.7498779296875
3733,73.452423095703125
5923,-9.723796844482422
6240,13.256836891174316
1973,-28.43765640258789
3096,12.411182403564453
9703,64.98639678955078
7613,32.36504364013672
7131,3.80500864982605
8754,13.365867614746094
9563,17.004901885986328
727,3.80500864982605
2656,4.193461894989014
5742,4.925286293029785
744,5.964089870452881
4303,-9.190756797790527
7453,2.7226247787475586
4605,4.023430347442627
5948,10.591647148132324
5934,12.68785572052002
4611,35.783180236816406
7067,3.80500864982605
372,2.25337290763855
8482,22.222415924072266
8891,6.545523643493652
8058,10.513927459716797
5678,0.9194948673248291
2170,6.646215438842773
2676,10.513927459716797
5945,7.437132835388184
3039,-2.355825185775757
444,-1.707697868347168
2152,21.686813354492188
6647,3.80500864982605
1319,216.46287536621094
5967,-42.135799407958984
2766,5.964089870452881
2016,4.925286293029785
3792,-6.905031204223633
7725,12.662764549255371
8066,221.3341827392578
4750,4.193461894989014
2191,10.196196556091309
3990,-12.05646800994873
3479,13.095212936401367
9686,8.130830764770508
6993,81.2980728149414
5429,6.5839667320251465
7704,27.03999900817871
363,27.90886878967285
1933,22.967731475830078
3521,-13.505581855773926
9827,10.892087936401367
7387,3.8642022609710693
2322,26.000640869140625
3706,69.72380828857422
5475,17.004901885986328
9137,4.515444278717041
1240,4.925286293029785
4050,13.849907875061035
7638,17.05453872680664
7367,3.80500864982605
424,4.347553253173828
4232,24.348451614379883
7184,3.80500864982605
3464,15.19153881072998
3525,4.952436447143555
4746,7.919349670410156
26,8.892714500427246
4767,-68.970794677734375
1483,15.010869979858398
1193,5.964089870452881
3296,27.03999900817871
5833,4.737412452697754
262,30.379837036132813
6361,7.863674640655518
118,133.73513793945313
979,-197.95899963378906
1939,-5.864747047424316
7510,-9.345101356506348
4655,12.286595344543457
5651,4.070744514465332
2130,-123.17826843261719
6852,-9.706029891967773
4647,2.8257088661193848
3879,12.68785572052002
3620,13.195375442504883
9681,13.377212524414063
677,5.24633264541626
9218,62.136253356933594
6892,26.582366943359375
2172,-19.664676666259766
9641,5.964089870452881
8525,-1.9183028936386108
5014,7.394696235656738
6277,4.925286293029785
4330,-6.905031204223633
9112,7.863674640655518
7662,1.9608805179595947
148,9.981710433959961
809,6.79674768447876
5246,5.427065372467041
1014,64.98639678955078
6056,58.45874786376953
5307,93.718231201171875
2147,-38.59587097167969
7493,-43.0755615234375
4952,15.66634750366211
1444,10.513927459716797
3134,6.79674768447876
7255,-8.374859809875488
2274,-4.980166912078857
5856,5.033756732940674
6328,9.140451431274414
7708,24.857789993286133
4383,155.30245971679688
4238,7.192931652069092
7143,7.17953634262085
901,-5.99876070022583
8260,-158.74208068847656
9920,16.56871223449707
9068,99.59090423583984
6838,-40.850181579589844
6849,-26.18614387512207
6748,-7.614850997924805
2422,-7.614850997924805
2293,113.48432922363281
6347,5.1589789390563965
4879,-9.925894737243652
566,9.636783599853516
7812,104.51869201660156
5971,-2.6063694953918457
7340,44.91755676269531
8546,30.922988891601563
406,6.5839667320251465
7055,5.427065372467041
8909,5.964089870452881
1752,847.0740966796875
4710,-54.65583801269531
9497,-2.6677517890930176
5115,3.80500864982605
9736,16.027393341064453
6674,80.46125030517578
3810,5.457814693450928
5012,7.17953634262085
572,-336.028564453125
274,3.80500864982605
6734,-4.866696834564209
3143,6.397305965423584
9003,12.826323509216309
593,2.87266206741333
8693,-180.42185974121094
8220,8.460092544555664
6046,33.07844161987305
6305,-184.7909698486328
3725,-99.88740539550781
6346,43.4932746887207
3901,7.4791131019592285
7300,4.306931972503662
6442,7.192931652069092
2243,-13.505581855773926
9217,-9.345101356506348
5548,332.2856750488281
7374,28.601226806640625
7591,3.80500864982605
2702,6.545523643493652
7275,-4.289271831512451
1366,-9.345101356506348
8001,27.42082405090332
5030,3.937373638153076
6921,10.926230430603027
5919,-3.667454481124878
6632,-123.17826843261719
63,24.200288772583008
831,9.131856918334961
1883,22.293046951293945
9375,59.54094696044922
5972,358.1395263671875
1094,94.362274169921875
7479,-132.8994903564453
1357,-9.190756797790527
1599,5.964089870452881
6335,5.644292831420898
5850,61.55424499511719
2636,24.348451614379883
2023,-15.960500717163086
5606,22.157020568847656
9773,10.926230430603027
1826,-9.425320625305176
4504,-121.36397552490234
664,7.766392230987549
909,53.02828598022461
194,4.893242835998535
7556,5.496450901031494
1179,6.863015174865723
6537,-9.345101356506348
9719,5.644292831420898
8922,-159.3079833984375
5117,25.059856414794922
5354,10.58035659790039
7281,117.84812927246094
9735,4.893242835998535
4654,12.826323509216309
8861,5.964089870452881
1534,-4.866696834564209
3159,12.89838695526123
4126,3.9642372131347656
2380,-9.780187606811523
7514,5.53815221786499
457,4.925286293029785
2969,67.31999206542969
674,110.8946533203125
8786,26.763826370239258
1995,24.6769962310791
2003,-265.5840148925781
2415,17.27927589416504
7181,4.535137176513672
9484,-19.774797439575195
308,-9.706029891967773
8307,-4.171497821807861
9621,-111.98594665527344
504,32.36504364013672
3931,-2.3284974098205566
8644,-13.049930572509766
5958,-659.48516845703125
4747,-9.780187606811523
2920,11.332056999206543
9667,12.952193260192871
4378,5.427065372467041
6049,108.85000610351563
6536,305.7361755371094
3504,6.181572437286377
977,-9.706029891967773
6338,83.25695037841797
4739,-159.3079833984375
5201,-391.116943359375
8952,-95.11991882324219
5689,4.9170732498168945
7902,-180.20526123046875
1351,3.870404005050659
7588,6.5839667320251465
3938,-94.33978271484375
1126,5.1589789390563965
3448,3.929597854614258
3745,7.3521623611450195
2221,21.863550186157227
8287,4.836254596710205
5242,12.286595344543457
720,24.798965454101563
4713,-4.289271831512451
3277,50.28415298461914
2635,5.644292831420898
7403,12.286595344543457
3677,9.23714828491211
7392,337.38330078125
7811,10.513927459716797
4942,-4.866696834564209
1683,-17.442012786865234
609,-3.885342836380005
1565,-13.523348808288574
1727,129.28720092773438
8113,35.783180236816406
7941,-117.27649688720703
8221,3.8642022609710693
9411,6.541686058044434
210,-9.706029891967773
3402,5.691714763641357
3421,-110.09789276123047
4645,94.802093505859375
7773,-2.1779024600982666
1887,4.3562164306640625
9955,6.996107578277588
9052,25.240041732788086
7459,-300.932861328125
6976,273.57061767578125
8654,17.038911819458008
1574,3.929597854614258
7006,-242.0592498779297
9993,4.9170732498168945
3390,45.10995864868164
9498,45.036895751953125
4570,4.925286293029785
2149,154.46200561523438
2077,-26.18614387512207
9352,16.36772918701172
5312,96.59391784667969
1473,20.892242431640625
8116,-87.94144439697266
6723,65.78137969970703
6359,144.32835388183594
9732,99.41681671142578
7716,9.500908851623535
580,117.17646789550781
9114,32.661014556884766
2197,5.964089870452881
2525,-186.6355438232422
10,-9.535133361816406
7535,7.4791131019592285
771,3.80500864982605
9284,-0.6966990232467651
3704,15.263385772705078
2844,42.7498779296875
468,-9.345101356506348
440,373.7823486328125
3760,-117.3866195678711
9219,-9.780187606811523
2868,-9.706029891967773
7783,-9.255464553833008
1830,39.35000228881836
14,227.54830932617188
7214,4.3562164306640625
1308,3.870404005050659
5177,-0.6966990232467651
2226,-7.614850997924805
9609,18.17368507385254
3043,4.704497337341309
9940,15.66634750366211
8835,13.683338165283203
3245,45.036895751953125
6230,37.289920806884766
1753,-9.345101356506348
2102,98.69063568115234
5304,4.925286293029785
6486,-117.80826568603516
354,23.797996520996094
1787,5.644292831420898
6487,34.66866683959961
5465,5.496450901031494
7695,10.513927459716797
6950,12.874246597290039
5514,-9.255464553833008
8817,-27.144163131713867
4706,-110.09789276123047
